people_id,name,first_name,middle_name,last_name,suffix,nickname,party_id,party,role_id,role,district,followthemoney_eid,votesmart_id,opensecrets_id,ballotpedia,knowwho_pid,committee_id
262,"David Argall",David,G.,Argall,,,2,R,2,Sen,SD-029,13005915,9078,,David_Argall,198346,0
263,"Matthew Baker",Matthew,E.,Baker,,,2,R,1,Rep,HD-068,5792237,9080,,Matthew_Baker_(Pennsylvania),198293,0
264,"Stephen Barrar",Stephen,E.,Barrar,,,2,R,1,Rep,HD-160,13006039,10165,,Stephen_Barrar,198380,0
268,"Kerry Benninghoff",Kerry,A.,Benninghoff,,,2,R,1,Rep,HD-171,5862805,10176,,Kerry_Benninghoff,198394,0
274,"Karen Boback",Karen,,Boback,,,2,R,1,Rep,HD-117,6671507,58437,,Karen_Boback,248718,0
277,"Michele Brooks",Michele,,Brooks,,,2,R,2,Sen,SD-050,13005536,68907,,Michele_Brooks,248575,0
279,"Thomas Caltagirone",Thomas,R.,Caltagirone,,,1,D,1,Rep,HD-127,5112893,9097,,Thomas_Caltagirone,198349,0
281,"Mike Carroll",Mike,,Carroll,,,1,D,1,Rep,HD-118,13005894,60238,,Mike_Carroll_(Pennsylvania),237663,0
283,"Martin Causer",Martin,T.,Causer,,,2,R,1,Rep,HD-067,13005723,46966,,Martin_Causer,212225,0
287,"Scott Conklin","H. Scott",,Conklin,,,1,D,1,Rep,HD-077,12997014,9854,,H._Scott_Conklin,248617,0
288,"Paul Costa",Paul,,Costa,,,1,D,1,Rep,HD-034,6371704,24039,,Paul_Costa,198240,0
289,"Jim Cox",Jim,,Cox,,,2,R,1,Rep,HD-129,13005935,60262,,Jim_Cox,248725,0
291,"Angel Cruz",Angel,L.,Cruz,,,1,D,1,Rep,HD-180,4870975,47250,,Angel_Cruz_(Pennsylvania),209181,0
293,"Bryan Cutler",Bryan,D.,Cutler,,,2,R,1,Rep,HD-100,13005831,59785,,Bryan_Cutler,248708,0
296,"Anthony DeLuca",Anthony,M.,DeLuca,,,1,D,1,Rep,HD-032,13005589,9118,,Anthony_DeLuca_(Pennsylvania_Representative),198255,0
300,"Frank Dermody",Frank,J.,Dermody,,,1,D,1,Rep,HD-033,13005590,9122,,Frank_Dermody,198256,0
301,"Gene DiGirolamo",Gene,D.,DiGirolamo,,,2,R,1,Rep,HD-018,13005537,9123,,Gene_DiGirolamo,198242,0
304,"Brian Ellis",Brian,L.,Ellis,,,2,R,1,Rep,HD-011,6603434,47350,,Brian_Ellis_(Pennsylvania),226658,0
307,"Garth Everett",Garth,David,Everett,,,2,R,1,Rep,HD-084,13005779,60165,,Garth_Everett,248621,0
308,"Florindo Fabrizio",Florindo,J.,Fabrizio,,Flo,1,D,1,Rep,HD-002,5130347,47047,,Florindo_Fabrizio,212240,0
311,"Dan Frankel",Dan,B.,Frankel,,,1,D,1,Rep,HD-023,13005552,24008,,Dan_Frankel,198239,0
312,"Robert Freeman",Robert,,Freeman,,,1,D,1,Rep,HD-136,5617219,24002,,Robert_Freeman_(Pennsylvania),197547,0
314,"John Galloway",John,T.,Galloway,,,1,D,1,Rep,HD-140,13005975,58448,,John_Galloway_(Pennsylvania),248733,0
318,"Marc Gergely",Marc,J.,Gergely,,,1,D,1,Rep,HD-035,6400237,47197,,Marc_Gergely,212230,0
320,"Keith Gillespie",Keith,J.,Gillespie,,,2,R,1,Rep,HD-047,13005640,46909,,Keith_Gillespie,212237,0
322,"Robert Godshall",Robert,W.,Godshall,,,2,R,1,Rep,HD-053,6569398,9143,,Robert_Godshall_(Pennsylvania),198278,0
323,"Neal Goodman",Neal,P.,Goodman,,,1,D,1,Rep,HD-123,6400242,47193,,Neal_Goodman,212228,0
327,"Michael Hanna",Michael,K.,Hanna,,Mike,1,D,1,Rep,HD-076,13005754,9149,,"Michael_Hanna,_Sr.",198300,0
330,"Patrick Harkins",Patrick,J.,Harkins,,,1,D,1,Rep,HD-001,6477622,60212,,Patrick_Harkins,248562,0
331,"Kate Harper",Kate,M.,Harper,,,2,R,1,Rep,HD-061,6603567,47315,,Catherine_Harper,208326,0
332,"Christopher Harris",Christopher,Adam,Harris,,,2,R,1,Rep,HD-082,6603578,46957,,C._Adam_Harris,212221,0
333,"Susan Helm",Susan,C.,Helm,,Sue,2,R,1,Rep,HD-104,5000963,46977,,Susan_Helm,248712,0
334,"Timothy Hennessey",Timothy,F.,Hennessey,,Tim,2,R,1,Rep,HD-026,13005561,9152,,Timothy_Hennessey,198249,0
337,"David Hickernell",David,S.,Hickernell,,,2,R,1,Rep,HD-098,13005822,46822,,David_Hickernell_(Pennsylvania),490922,0
339,"Scott Hutchinson",Scott,E.,Hutchinson,,,2,R,2,Sen,SD-021,4992811,9157,,Scott_Hutchinson,198289,0
342,"Robert Kauffman",Robert,W.,Kauffman,,Rob,2,R,1,Rep,HD-089,13005797,46963,,Rob_Kauffman,226700,0
343,"William Keller",William,F.,Keller,,,1,D,1,Rep,HD-184,6373320,9164,,William_Keller_(Pennsylvania),198407,0
344,"Mark Keller",Mark,K.,Keller,,,2,R,1,Rep,HD-086,13005783,46781,,Mark_K._Keller,226696,0
347,"Thomas Killion",Thomas,H.,Killion,,,2,R,2,Sen,SD-009,13006060,47387,,Thomas_Killion,216816,0
350,"William Kortz",William,C.,Kortz,,Bill,1,D,1,Rep,HD-038,6477710,60183,,William_Kortz_II,248604,0
353,"Daylin Leach",Daylin,,Leach,,,1,D,2,Sen,SD-017,5023460,46866,,Daylin_Leach,212220,0
356,"Mark Longietti",Mark,A.,Longietti,,,1,D,1,Rep,HD-007,6477778,59976,,Mark_Longietti,248567,0
358,"John Maher",John,A.,Maher,,,2,R,1,Rep,HD-040,5527720,23920,,John_Maher_(Pennsylvania),198261,0
364,"Joseph Markosek",Joseph,F.,Markosek,,,1,D,1,Rep,HD-025,13005556,9183,,Joseph_Markosek,198248,0
365,"James Marshall",James,E.,Marshall,,Jim,2,R,1,Rep,HD-014,5173384,31916,,Jim_Marshall,248573,0
366,"Ron Marsico",Ron,,Marsico,,,2,R,1,Rep,HD-105,5005398,9184,,Ronald_Marsico,198328,0
372,"Robert Mensch",Robert,Bruce,Mensch,,Bob,2,R,2,Sen,SD-024,13005996,57094,,Bob_Mensch,248739,0
373,"Daryl Metcalfe",Daryl,D.,Metcalfe,,,2,R,1,Rep,HD-012,6570655,24003,,Daryl_Metcalfe,197913,0
375,"David Millard",David,R.,Millard,,,2,R,1,Rep,HD-109,6658193,2540,,David_Millard,222022,0
377,"Duane Milne",Duane,D.,Milne,,,2,R,1,Rep,HD-167,6670558,57906,,Duane_Milne,251000,0
378,"Dan Moul",Dan,,Moul,,,2,R,1,Rep,HD-091,5186780,58370,,Dan_Moul,248701,0
381,"Thomas Murt",Thomas,P.,Murt,,,2,R,1,Rep,HD-152,6670572,58360,,Thomas_Murt,248745,0
382,"Thomas Mustio",Thomas,Mark,Mustio,,,2,R,1,Rep,HD-044,13005628,47161,,T._Mark_Mustio,216815,0
386,"Michael O'Brien",Michael,H.,O'Brien,,,1,D,1,Rep,HD-175,6477872,58351,,Michael_O%27Brien_(Pennsylvania),204059,0
388,"Bernie O'Neill",Bernie,,O'Neill,,,2,R,1,Rep,HD-029,13005575,47045,,Bernard_O%27Neill,212229,0
392,"Eddie Pashinski",Eddie,Day,Pashinski,,,1,D,1,Rep,HD-121,13005909,60250,,Eddie_Day_Pashinski,248721,0
395,"Michael Peifer",Michael,T.,Peifer,,,2,R,1,Rep,HD-139,13005972,58442,,Michael_Peifer,248731,0
398,"Joseph Petrarca",Joseph,A.,Petrarca,,,1,D,1,Rep,HD-055,5440287,9205,,Joseph_Petrarca,198280,0
399,"Scott Petri",Scott,A.,Petri,,,2,R,1,Rep,HD-178,6603730,46907,,Scott_Petri,212231,0
402,"Tina Pickett",Tina,,Pickett,,,2,R,1,Rep,HD-110,13005862,46920,,Tina_Pickett,208328,0
404,"Jeffrey Pyle",Jeffrey,P.,Pyle,,,2,R,1,Rep,HD-060,6658241,47265,,Jeffrey_Pyle,226688,0
405,"Thomas Quigley",Thomas,J.,Quigley,,,2,R,1,Rep,HD-146,13005992,23982,,Thomas_Quigley,226718,0
406,"Marguerite Quinn",Marguerite,Corr,Quinn,,,2,R,1,Rep,HD-143,13005987,58457,,Marguerite_Quinn_(Pennsylvania),248737,0
408,"Kathy Rapp",Kathy,L.,Rapp,,,2,R,1,Rep,HD-065,4883173,47122,,Kathy_Rapp,226692,0
410,"Harry Readshaw",Harry,,Readshaw,,,1,D,1,Rep,HD-036,5361987,9215,,Harry_Readshaw_III,198258,0
411,"David Reed",David,L.,Reed,,,2,R,1,Rep,HD-062,13005706,47270,,Dave_Reed,212234,0
413,"Bradley Roae",Bradley,T.,Roae,,Brad,2,R,1,Rep,HD-006,13005497,9801,,Bradley_Roae,248565,0
415,"James Roebuck",James,R.,Roebuck,Jr.,,1,D,1,Rep,HD-188,5574871,9222,,James_Roebuck_Jr.,198411,0
419,"John Sabatina",John,P.,Sabatina,Jr.,,1,D,2,Sen,SD-005,6477998,58594,,John_Sabatina_Jr.,245618,0
420,"Christopher Sainato",Christopher,,Sainato,,Chris,1,D,1,Rep,HD-009,6400448,9228,,Chris_Sainato,198231,0
421,"Stephen Samuelson",Stephen,P.,Samuelson,,Steve,1,D,1,Rep,HD-135,5931202,23893,,Steve_Samuelson_(Pennsylvania),197872,0
423,"Stanley Saylor",Stanley,E.,Saylor,,Stan,2,R,1,Rep,HD-094,13005811,9231,,Stanley_Saylor,198317,0
424,"Mario Scavello",Mario,M.,Scavello,,,2,R,2,Sen,SD-040,5092831,47251,,Mario_Scavello,210457,0
434,"Curtis Sonney",Curtis,G.,Sonney,,,2,R,1,Rep,HD-004,6658273,47258,,Curtis_Sonney,226656,0
440,"Michael Sturla","P. Michael",,Sturla,,,1,D,1,Rep,HD-096,6375684,9250,,P._Michael_Sturla,198319,0
444,"John Taylor",John,J.,Taylor,,,2,R,1,Rep,HD-177,5390910,9254,,John_Taylor_(Pennsylvania),198400,0
446,"Curtis Thomas","W. Curtis",,Thomas,,,1,D,1,Rep,HD-181,13006091,9255,,W._Curtis_Thomas,198404,0
448,"Michael Turzai",Michael,C.,Turzai,,Mike,2,R,1,Rep,HD-028,13005571,23934,,Mike_Turzai,209177,0
450,"Gregory Vitali",Gregory,S.,Vitali,,Greg,1,D,1,Rep,HD-166,5615940,9265,,Gregory_Vitali,198389,0
451,"Randy Vulakovich",Randy,,Vulakovich,,,2,R,2,Sen,SD-040,13005583,60138,,Randy_Vulakovich,248599,0
456,"Katharine Watson",Katharine,M.,Watson,,,2,R,1,Rep,HD-144,4745131,47462,,Katharine_Watson,209180,0
457,"Jake Wheatley",Jake,,Wheatley,Jr.,,1,D,1,Rep,HD-019,6400517,47009,,Jake_Wheatley_Jr.,212232,0
462,"Rosita Youngblood",Rosita,C.,Youngblood,,,1,D,1,Rep,HD-198,6376322,9275,,Rosita_Youngblood,198421,0
463,"John Yudichak",John,T.,Yudichak,,,1,D,2,Sen,SD-014,13005901,23956,,John_Yudichak,198268,0
465,"Lisa Baker",Lisa,,Baker,,,2,R,2,Sen,SD-020,6670412,57107,,Lisa_Baker_(Pennsylvania),248753,0
466,"Lisa Boscola",Lisa,M.,Boscola,,,1,D,2,Sen,SD-018,13013365,9090,,Lisa_Boscola,198190,0
467,"Patrick Browne",Patrick,M.,Browne,,,2,R,2,Sen,SD-016,5701825,9093,,Pat_Browne,198353,0
469,"Jacob Corman",Jacob,Doyle,Corman,,Jake,2,R,2,Sen,SD-034,6568771,23839,,Jake_Corman,198206,0
470,"Jay Costa",Jay,,Costa,Jr.,,1,D,2,Sen,SD-043,6387296,9798,,Jay_Costa,198215,0
471,"Andrew Dinniman",Andrew,E.,Dinniman,,,1,D,2,Sen,SD-019,6478069,2560,,Andy_Dinniman,247088,0
473,"John Eichelberger",John,H.,Eichelberger,Jr.,,2,R,2,Sen,SD-030,13013388,58510,,John_Eichelberger,251078,0
476,"Michael Folmer",Michael,J.,Folmer,,Mike,2,R,2,Sen,SD-048,6670480,57088,,Mike_Folmer,248757,0
477,"Wayne Fontana",Wayne,D.,Fontana,,,1,D,2,Sen,SD-042,13013414,55684,,Wayne_Fontana,237337,0
479,"John Gordner",John,R.,Gordner,,,2,R,2,Sen,SD-027,13005858,9144,,John_Gordner,198332,0
480,"Stewart Greenleaf",Stewart,J.,Greenleaf,,,2,R,2,Sen,SD-012,13013351,5225,,Stewart_Greenleaf,198184,0
481,"Vincent Hughes",Vincent,J.,Hughes,,,1,D,2,Sen,SD-007,6387306,5220,,Vincent_Hughes,198179,0
487,"Charles McIlhinney",Charles,T.,McIlhinney,Jr.,Chuck,2,R,2,Sen,SD-010,6570562,23882,,Charles_McIlhinney,198361,0
496,"John Rafferty",John,C.,Rafferty,Jr.,,2,R,2,Sen,SD-044,6603751,46805,,John_Rafferty,212239,0
500,"Joseph Scarnati",Joseph,B.,Scarnati,III,,2,R,2,Sen,SD-025,13013380,55673,,Joe_Scarnati,208716,0
501,"Mike Stack",Mike,J.,Stack,,,1,D,2,Sen,SD-005,13013339,47379,,Mike_Stack,208712,0
503,"Christine Tartaglione",Christine,M.,Tartaglione,,,1,D,2,Sen,SD-002,6375745,5244,,Christine_Tartaglione,198174,0
504,"Robert Tomlinson",Robert,M.,Tomlinson,,Tommy,2,R,2,Sen,SD-006,6572242,5246,,Robert_Tomlinson,198178,0
508,"Donald White",Donald,C.,White,,Don,2,R,2,Sen,SD-041,5426553,47100,,Don_White,208719,0
511,"Anthony Williams",Anthony,Hardy,Williams,,,1,D,2,Sen,SD-008,12996741,9269,,Anthony_Williams_(Pennsylvania),198180,0
896,"Richard Alloway",Richard,L.,Alloway,II,,2,R,2,Sen,SD-033,13013393,102466,,Richard_Alloway,269671,0
898,"Lawrence Farnese",Lawrence,M.,Farnese,Jr.,,1,D,2,Sen,SD-001,4972322,57103,,Larry_Farnese,269651,0
902,"Elder Vogel",Elder,A.,Vogel,Jr.,,2,R,2,Sen,SD-047,13013419,102474,,Elder_Vogel,269678,0
903,"Kim Ward",Kim,L.,Ward,,,2,R,2,Sen,SD-039,13013408,108241,,Kim_Ward,269676,0
904,"Bryan Barbin",Bryan,E.,Barbin,,,1,D,1,Rep,HD-071,13005735,102543,,Bryan_Barbin,269575,0
906,"Matthew Bradford",Matthew,D.,Bradford,,,1,D,1,Rep,HD-070,6497815,109564,,Matthew_Bradford,269574,0
907,"Timothy Briggs",Timothy,P.,Briggs,,Tim,1,D,1,Rep,HD-149,13006008,102595,,Tim_Briggs,269613,0
908,"Vanessa Brown",Vanessa,Lowery,Brown,,,1,D,1,Rep,HD-190,13006117,47222,,Vanessa_Lowery_Brown,269643,0
909,"Frank Burns",Frank,J.,Burns,,,1,D,1,Rep,HD-072,13005742,102550,,Frank_Burns,269577,0
910,"Jim Christiana",Jim,,Christiana,,,2,R,1,Rep,HD-015,13005524,102488,,Jim_Christiana,269541,0
911,"Dominic Costa",Dominic,James,Costa,,Dom,1,D,1,Rep,HD-021,13005547,102494,,Dominic_Costa,269545,0
913,"Gary Day",Gary,W.,Day,,,2,R,1,Rep,HD-187,13006108,102632,,Gary_Day,269640,0
914,"Daniel Deasy",Daniel,J.,Deasy,Jr.,,1,D,1,Rep,HD-027,6487782,77880,,Daniel_Deasy_Jr.,269550,0
915,"Sheryl Delozier",Sheryl,M.,Delozier,,,2,R,1,Rep,HD-088,5319727,102563,,Sheryl_Delozier,269587,0
917,"Frank Farry",Frank,Anthony,Farry,III,,2,R,1,Rep,HD-142,6674936,102588,,Frank_Farry,269605,0
918,"Matthew Gabler",Matthew,M.,Gabler,,Matt,2,R,1,Rep,HD-075,13005753,109565,,Matt_Gabler,269580,0
919,"Seth Grove",Seth,M.,Grove,,,2,R,1,Rep,HD-196,13006133,110401,,Seth_Grove,234848,0
922,"Jerome Knowles",Jerome,P.,Knowles,,Jerry,2,R,1,Rep,HD-124,5058387,111736,,Jerry_Knowles,278639,0
924,"Robert Matzie",Robert,F.,Matzie,,,1,D,1,Rep,HD-016,13005534,102491,,Robert_Matzie,237068,0
925,"Carl Metzgar",Carl,Walker,Metzgar,,,2,R,1,Rep,HD-069,6674990,102537,,Carl_Metzgar,269572,0
926,"Nicholas Miccarelli",Nicholas,Anthony,Miccarelli,,,2,R,1,Rep,HD-162,13006045,102604,,Nick_Miccarelli,269622,0
929,"Donna Oberlander",Donna,R.,Oberlander,,,2,R,1,Rep,HD-063,13005711,94787,,Donna_Oberlander,204062,0
930,"Michael Reese",Michael,P.,Reese,,Mike,2,R,1,Rep,HD-059,13005693,102521,,Mike_Reese,399587,0
932,"Will Tallman",Will,F.,Tallman,,,2,R,1,Rep,HD-193,4874746,47206,,Will_Tallman,269646,0
934,"Gene Yaw",Gene,,Yaw,,,2,R,2,Sen,SD-023,13013377,102463,,Gene_Yaw,269666,0
9558,"Marcia Hahn",Marcia,M.,Hahn,,,2,R,1,Rep,HD-138,6687992,119614,,Marcia_Hahn,288477,0
9572,"Marcy Toepel",Marcy,L.,Toepel,,,2,R,1,Rep,HD-147,13005998,119624,,Marcy_Toepel,288478,0
9599,"Adam Ravenstahl",Adam,J.,Ravenstahl,,,1,D,1,Rep,HD-020,6504571,119517,,Adam_Ravenstahl,288476,0
11213,"James Brewster",James,R.,Brewster,,,1,D,2,Sen,SD-045,6440929,47363,,James_Brewster,311563,0
11527,"Ryan Aument",Ryan,P.,Aument,,,2,R,2,Sen,SD-036,6687796,119529,,Ryan_Aument,290386,0
11530,"George Dunbar",George,S.,Dunbar,,,2,R,1,Rep,HD-056,6687817,119541,,George_Dunbar,292547,0
11531,"Mark Gillen",Mark,M.,Gillen,,,2,R,1,Rep,HD-128,5015537,119604,,Mark_Gillen,292601,0
11532,"Kevin Boyle",Kevin,J.,Boyle,,,1,D,1,Rep,HD-172,6504868,119648,,Kevin_Boyle_(Pennsylvania),292638,0
11533,"John Lawrence",John,Adda,Lawrence,,,2,R,1,Rep,HD-013,6671513,60111,,John_Lawrence_(Pennsylvania),269539,0
11535,"Gerald Mullery",Gerald,J.,Mullery,,,1,D,1,Rep,HD-119,6504733,119589,,Gerald_Mullery,292593,0
11536,"Richard Saccone",Richard,,Saccone,,Rick,2,R,1,Rep,HD-039,6687791,119526,,Rick_Saccone,290385,0
11537,"Justin Simmons",Justin,J.,Simmons,,,2,R,1,Rep,HD-131,13005948,119609,,Justin_Simmons,292604,0
11539,"John Blake",John,Patrick,Blake,,,1,D,2,Sen,SD-022,5009726,119504,,John_Blake,293515,0
11601,"Brandon Neuman",Brandon,P.,Neuman,,,1,D,1,Rep,HD-048,6504602,119535,,Brandon_Neuman,292544,0
11602,"Kurt Masser",Kurt,A.,Masser,,,2,R,1,Rep,HD-107,6687876,96842,,Kurt_Masser,290400,0
11603,"Sid Kavulich",Sid,Michaels,Kavulich,,,1,D,1,Rep,HD-114,5053506,119581,,Sid_Michaels_Kavulich,290407,0
11808,"Stephen Bloom",Stephen,L.,Bloom,,,2,R,1,Rep,HD-199,13006146,119686,,Stephen_Bloom_(Pennsylvania),292666,0
11809,"Rosemary Brown",Rosemary,M.,Brown,,,2,R,1,Rep,HD-189,6688099,119664,,Rosemary_Brown,293242,0
11810,"Lynda Schlegel Culver",Lynda,J.,"Schlegel Culver",,,2,R,1,Rep,HD-108,4827221,119572,,Lynda_Schlegel_Culver,204121,0
11811,"Margo Davidson",Margo,L.,Davidson,,,1,D,1,Rep,HD-164,13006050,119643,,Margo_Davidson,292632,0
11812,"Tina Davis",Tina,Marie,Davis,,,1,D,1,Rep,HD-141,13005979,78414,,Tina_Davis,292613,0
11813,"Pamela DeLissio",Pamela,A.,DeLissio,,,1,D,1,Rep,HD-194,13006122,119669,,Pamela_DeLissio,290441,0
11814,"Joseph Emrick",Joseph,T.,Emrick,,Joe,2,R,1,Rep,HD-137,4897344,47029,,Joe_Emrick,292607,0
11815,"Eli Evankovich",Eli,,Evankovich,,,2,R,1,Rep,HD-054,13005677,119540,,Eli_Evankovich,290392,0
11817,"Doyle Heffley",Doyle,M.,Heffley,,,2,R,1,Rep,HD-122,6674959,102580,,Doyle_Heffley,269598,0
11818,"Warren Kampf",Warren,E.,Kampf,,,2,R,1,Rep,HD-157,6688052,78179,,Warren_Kampf,290430,0
11820,"Frederick Keller",Frederick,B.,Keller,,Fred,2,R,1,Rep,HD-085,4675316,119553,,Fred_Keller,292563,0
11821,"David Maloney",David,M.,Maloney,Sr.,,2,R,1,Rep,HD-130,6687973,119606,,David_Maloney,292602,0
11824,"Todd Stephens",Todd,,Stephens,,,2,R,1,Rep,HD-151,13006015,102598,,Todd_Stephens,233256,0
11826,"Michael Tobash",Michael,G.,Tobash,,Mike,2,R,1,Rep,HD-125,6687953,119600,,Mike_Tobash,290417,0
11827,"Tarah Toohil",Tarah,C.,Toohil,,,2,R,1,Rep,HD-116,636468,119585,,Tarah_Toohil,290408,0
13010,"Judy Schwank",Judy,L.,Schwank,,,1,D,2,Sen,SD-011,6513451,97262,,Judy_Schwank,335217,0
13960,"Ryan Mackenzie",Ryan,E.,Mackenzie,,,2,R,1,Rep,HD-134,13789797,136465,,Ryan_Mackenzie,399588,0
13961,"Madeleine Dean Cunnane",Madeleine,,"Dean Cunnane",,,1,D,1,Rep,HD-153,4701392,136484,,Madeleine_Dean,0,0
13962,"Ed Neilson",Ed,,Neilson,,,1,D,1,Rep,HD-174,5304735,136502,,Edward_Neilson,399555,0
14139,"Ryan Bizzarro",Ryan,A.,Bizzarro,,,1,D,1,Rep,HD-003,11022913,136261,,Ryan_Bizzarro,399406,0
14141,"Rebecca Corbin",Rebecca,P.,Corbin,,Becky,2,R,1,Rep,HD-155,11023526,136487,,Becky_Corbin,400133,0
14142,"Mary Jo Daley","Mary Jo",,Daley,,,1,D,1,Rep,HD-148,16072496,143452,,Mary_Jo_Daley,439505,0
14143,"Harold English",Harold,A.,English,,,2,R,1,Rep,HD-030,16072483,143446,,Hal_English,439488,0
14145,"Melinda Fee",Melinda,S.,Fee,,Mindy,2,R,1,Rep,HD-037,5513595,136295,,Mindy_Fee,399535,0
14146,"Martin Flynn",Martin,B.,Flynn,II,Marty,1,D,1,Rep,HD-113,11022959,136360,,Martin_Flynn,400009,0
14147,"Edward Gainey",Edward,C.,Gainey,,Ed,1,D,1,Rep,HD-024,6477543,47234,,Edward_Gainey,399471,0
14152,"Keith Greiner",Keith,J.,Greiner,,,2,R,1,Rep,HD-043,11023489,136299,,Keith_Greiner,399547,0
14153,"Jordan Harris",Jordan,A.,Harris,,,1,D,1,Rep,HD-186,11022993,136512,,Jordan_Harris,399583,0
14154,"Robert James",Robert,Lee,James,,,2,R,1,Rep,HD-064,5447503,136325,,R._Lee_James,399614,0
14155,"Kevin Haggerty",Kevin,M.,Haggerty,,,1,D,1,Rep,HD-112,6504706,119575,,Kevin_Haggerty,292582,0
14156,"Patty Kim",Patty,H.,Kim,,,1,D,1,Rep,HD-103,11022950,78608,,Patty_Kim,399962,0
14157,"Stephen Kinsey",Stephen,,Kinsey,,,1,D,1,Rep,HD-201,11023011,136537,,Stephen_Kinsey,399626,0
14159,"Stephen McCarter",Stephen,C.,McCarter,,,1,D,1,Rep,HD-154,11022979,136485,,Steve_McCarter,400130,0
14160,"John McGinnis",John,D.,McGinnis,,,2,R,1,Rep,HD-079,11023502,136337,,John_McGinnis_(Pennsylvania),399736,0
14161,"Daniel McNeill",Daniel,T.,McNeill,,,1,D,1,Rep,HD-133,5667694,143450,,Daniel_McNeill,439502,0
14162,"Steven Mentzer",Steven,Curtis,Mentzer,,,2,R,1,Rep,HD-097,16072492,143449,,Steven_Mentzer,439499,0
14166,"Michael Regan",Michael,R.,Regan,,Mike,2,R,2,Sen,SD-031,11023509,136346,,Mike_Regan,324131,0
14167,"Mark Rozzi",Mark,L.,Rozzi,,,1,D,1,Rep,HD-126,11022966,136444,,Mark_Rozzi,400046,0
14168,"Thomas Sankey",Thomas,R.,Sankey,III,Tommy,2,R,1,Rep,HD-073,11023501,136334,,Thomas_Sankey,399723,0
14169,"Michael Schlossberg",Michael,H.,Schlossberg,,,1,D,1,Rep,HD-132,11022971,133414,,Michael_Schlossberg,399579,0
14170,"Brian Sims",Brian,Kendall,Sims,,,1,D,1,Rep,HD-182,11022992,136508,,Brian_Sims_(Pennsylvania),399576,0
14171,"Pam Snyder",Pam,,Snyder,,,1,D,1,Rep,HD-050,6504612,95083,,Pam_Snyder,292545,0
16035,"Daniel Miller",Daniel,L.,Miller,,Dan,1,D,1,Rep,HD-042,15982997,77660,,Dan_Miller_(Pennsylvania),490875,0
16076,"Maria Donatucci",Maria,P.,Donatucci,,,1,D,1,Rep,HD-185,6513443,128733,,Maria_Donatucci,331010,0
16239,"Jesse Topper",Jesse,W.,Topper,,,2,R,1,Rep,HD-078,20536435,146934,,Jesse_Topper,487032,0
16243,"Scott Wagner",Scott,R.,Wagner,,,2,R,2,Sen,SD-028,4680529,150886,,Scott_Wagner_(Pennsylvania),490774,0
16744,"Peter Schweyer",Peter,G.,Schweyer,,,1,D,1,Rep,HD-022,6400463,46812,,Peter_Schweyer,439263,0
16745,"Russ Diamond",Russ,,Diamond,,,2,R,1,Rep,HD-102,12997107,47021,,Russell_Diamond,490931,0
16746,"James Santora",James,,Santora,,,2,R,1,Rep,HD-163,16227032,150857,,Jamie_Santora,490376,0
16747,"Michael Driscoll",Michael,J.,Driscoll,,,1,D,1,Rep,HD-173,4937173,150744,,Michael_Driscoll,490379,0
16748,"Cris Dush",Cris,,Dush,,,2,R,1,Rep,HD-066,11023498,136329,,Cris_Dush,399623,0
16773,"David Zimmerman",David,H.,Zimmerman,,,2,R,1,Rep,HD-099,23442850,150903,,David_H._Zimmerman,490366,0
16774,"Jeff Wheeland",Jeff,C.,Wheeland,,,2,R,1,Rep,HD-083,4672071,107974,,Jeff_Wheeland,490361,0
16825,"Leslie Acosta",Leslie,,Acosta,,,1,D,1,Rep,HD-197,23442705,150689,,Leslie_Acosta,490386,0
16869,"Patrick Stefano",Patrick,J.,Stefano,,Pat,2,R,2,Sen,SD-032,23442819,150873,,Patrick_Stefano,490777,0
16870,"Kristin Phillips-Hill",Kristin,Lee,Phillips-Hill,,,2,R,1,Rep,SD-028,23442848,150830,,Kristin_Phillips-Hill,439358,0
16956,"Camera Bartolotta",Camera,C.,Bartolotta,,,2,R,2,Sen,SD-046,16740943,150701,,Camera_Bartolotta,490336,0
16957,"Arthur Haywood",Arthur,L.,Haywood,III,,1,D,2,Sen,SD-004,5063282,133622,,Art_Haywood,490763,0
17012,"Barry Jozwiak",Barry,J.,Jozwiak,,,2,R,1,Rep,HD-005,6670525,60260,,Barry_J._Jozwiak,490337,0
17142,"Thomas McGarrigle",Thomas,J.,McGarrigle,,,2,R,2,Sen,SD-026,4860232,108571,,Thomas_McGarrigle,490772,0
17174,"Kate Klunk",Kate,Anne,Klunk,,,2,R,1,Rep,HD-169,23442869,150777,,Kate_Anne_Klunk,247500,0
17262,"Craig Staats",Craig,T.,Staats,,,2,R,1,Rep,HD-145,23442862,150872,,Craig_Staats,490972,0
17305,"Rich Irvin",Rich,,Irvin,,,2,R,1,Rep,HD-081,23442842,150768,,Richard_Irvin,490913,0
17329,"Jason Dawkins",Jason,,Dawkins,,,1,D,1,Rep,HD-179,23442693,150735,,Jason_Dawkins,490380,0
17362,"Tedd Nesbit",Tedd,C.,Nesbit,,,2,R,1,Rep,HD-008,23442799,150817,,Tedd_Nesbit,490827,0
17363,"Jason Ortitay",Jason,A.,Ortitay,,,2,R,1,Rep,HD-046,23442825,150821,,Jason_Ortitay,490884,0
17414,"Paul Schemel",Paul,,Schemel,,,2,R,1,Rep,HD-090,23442847,150859,,Paul_Schemel,489970,0
17508,"Jack Rader",Jack,B.,Rader,Jr.,,2,R,1,Rep,HD-176,5698768,150837,,Jack_Rader_Jr.,489978,0
17529,"Judith Ward",Judith,F.,Ward,,,2,R,1,Rep,SD-030,15021617,150888,,Judith_Ward,490360,0
17571,"Ryan Warner",Ryan,,Warner,,,2,R,1,Rep,HD-052,26152906,150889,,Ryan_Warner,490889,0
17605,"Brett Miller",Brett,R.,Miller,,,2,R,1,Rep,HD-041,5111514,150806,,Brett_Miller,489968,0
17626,"Harry Lewis",Harry,,Lewis,Jr.,,2,R,1,Rep,HD-074,23442839,150785,,"Harry_Lewis,_Jr.",490359,0
17684,"Aaron Kaufer",Aaron,,Kaufer,,,2,R,1,Rep,HD-120,11023517,136426,,Aaron_Kaufer,400026,0
17707,"Parke Wentling",Parke,,Wentling,,,2,R,1,Rep,HD-017,23442809,150893,,Parke_Wentling,489962,0
17710,"Leanne Krueger-Braneky",Leanne,,Krueger-Braneky,,,1,D,1,Rep,HD-161,23442683,150779,,Leanne_Krueger-Braneky,490983,0
17711,"Donna Bullock",Donna,,Bullock,,,1,D,1,Rep,HD-195,32089551,162032,,Donna_Bullock,551310,0
17712,"Joanna McClinton",Joanna,E.,McClinton,,,1,D,1,Rep,HD-191,32089553,162030,,Joanna_McClinton,488385,0
17713,"Greg Rothman",Greg,,Rothman,,,2,R,1,Rep,HD-087,5211444,162013,,Greg_Rothman,549743,0
17726,"Guy Reschenthaler",Guy,,Reschenthaler,,,2,R,2,Sen,SD-037,24650451,166004,,Guy_Reschenthaler,0,0
17933,"Eric Nelson",Eric,R.,Nelson,,,2,R,1,Rep,HD-057,38068746,169714,,Eric_Nelson_(Pennsylvania),569567,0
17964,"Christopher Quinn",Christopher,B.,Quinn,,,2,R,1,Rep,HD-168,13005987,167846,,Christopher_Quinn,569737,0
17967,"Martina White",Martina,,White,,,2,R,1,Rep,HD-170,28724955,156158,,Martina_White,532641,0
18217,"Aaron Bernstine",Aaron,Joseph,Bernstine,,,2,R,1,Rep,HD-010,37082694,167743,,Aaron_Bernstine,569541,0
18218,"Morgan Cephas",Morgan,B.,Cephas,,,1,D,1,Rep,HD-192,39435080,167868,,Morgan_Cephas,569381,0
18219,"Alexander Charlton",Alexander,Tesla,Charlton,,,2,R,1,Rep,HD-165,5036314,167843,,Alexander_Charlton,541777,0
18220,"Carolyn Comitta",Carolyn,T.,Comitta,,,1,D,1,Rep,HD-156,4855686,167836,,Carolyn_Comitta,569724,0
18221,"Donald Cook",Donald,,Cook,,Bud,2,R,1,Rep,HD-049,23442828,150729,,Donald_Cook_(Pennsylvania),569407,0
18222,"Michael Corr",Michael,N.,Corr,,,2,R,1,Rep,HD-150,39434991,167829,,Michael_Corr,569716,0
18223,"Matthew Dowling",Matthew,David,Dowling,,,2,R,1,Rep,HD-051,39434816,167903,,Matthew_Dowling,569561,0
18224,"Isabella Fitzgerald",Isabella,V.,Fitzgerald,,,1,D,1,Rep,HD-203,5197161,167737,,Isabella_Fitzgerald,569788,0
18225,"Jonathan Fritz",Jonathan,A.,Fritz,,,2,R,1,Rep,HD-111,39434925,163100,,Jonathan_Fritz,569630,0
18226,"Dawn Keefer",Dawn,Wetzel,Keefer,,,2,R,1,Rep,HD-092,39434885,167794,,Dawn_Keefer,569596,0
18227,"Anita Kulik",Anita,Astorino,Kulik,,,1,D,1,Rep,HD-045,39434798,167765,,Anita_Astorino_Kulik,569406,0
18228,"Maureen Madden",Maureen,E.,Madden,,,1,D,1,Rep,HD-115,11022988,136505,,Maureen_Madden,399570,0
18229,"Zachary Mako",Zachary,A.,Mako,,,2,R,1,Rep,HD-183,39435060,167855,,Zachary_Mako,569756,0
18230,"Thomas Mehaffie",Thomas,L.,Mehaffie,III,,2,R,1,Rep,HD-106,4824550,167811,,Thomas_Mehaffie,569331,0
18231,"Christopher Rabb",Christopher,M.,Rabb,,,1,D,1,Rep,HD-200,39435099,167968,,Christopher_Rabb,569783,0
18232,"Eric Roe",Eric,M.,Roe,,,2,R,1,Rep,HD-158,42594408,174835,,Eric_Roe,595899,0
18233,"Francis Ryan",Francis,Xavier,Ryan,,,2,R,1,Rep,HD-101,4705425,46887,,Francis_Ryan,285029,0
18234,"Jared Solomon",Jared,G.,Solomon,,,1,D,1,Rep,HD-202,23442713,151902,,Jared_Solomon_(Pennsylvania),491014,0
18235,"Justin Walsh",Justin,M.,Walsh,,,2,R,1,Rep,HD-058,39434832,167780,,Justin_Walsh,569571,0
18236,"Perry Warren",Perry,S.,Warren,Jr.,,1,D,1,Rep,HD-031,39434775,167755,,Perry_Warren,569402,0
18516,"Sharif Street",Sharif,T.,Street,,,1,D,2,Sen,SD-003,6400480,46939,,Sharif_Street,292654,0
18795,"Wayne Langerholc",Wayne,,Langerholc,Jr.,,2,R,2,Sen,SD-035,39434709,167891,,Wayne_Langerholc,569307,0
18900,"Daniel Laughlin",Daniel,J.,Laughlin,,,2,R,2,Sen,SD-049,39434720,74348,,Daniel_Laughlin,569822,0
18946,"Scott Martin",Scott,F.,Martin,,,2,R,2,Sen,SD-013,39434686,107945,,Scott_Martin_(Pennsylvania),569532,0
19038,"Giovanni DiSanto",Giovanni,M.,DiSanto,,John,2,R,2,Sen,SD-015,4825457,167720,,John_DiSanto,569535,0
19066,"Carol Hill-Evans",Carol,,Hill-Evans,,,1,D,1,Rep,HD-095,23442848,78394,,Carol_Hill-Evans,600018,0
19359,"Emilio Vazquez",Emilio,A.,Vazquez,,,1,D,1,Rep,HD-197,6454854,176219,,Emilio_Vazquez,623057,0
19381,"Brian Kirkland",Brian,Joseph,Kirkland,,,1,D,1,Rep,HD-159,39435008,167839,,Brian_Kirkland,439159,0
19478,"Jeanne McNeill",Jeanne,,McNeill,,,1,D,1,Rep,HD-133,44046162,176872,,Jeanne_McNeill,649361,0
19564,"Austin Davis",Austin,A.,Davis,,,1,D,1,Rep,HD-035,44134949,177637,,Austin_Davis,654296,0
19655,"Helen Tai",Helen,,Tai,,,1,D,1,Rep,HD-178,44283428,179570,,Helen_Tai,659922,0
19656,"Clinton Owlett",Clinton,Dennis,Owlett,,Clint,2,R,1,Rep,HD-068,44449643,179281,,Clint_Owlett,660102,0
19657,"Timothy O'Neal",Timothy,Jon,O'Neal,,,2,R,1,Rep,HD-048,44449597,179258,,Timothy_O%27Neal,660055,0
