bill_id,session_id,bill_number,status,status_desc,status_date,title,description,committee_id,committee,last_action_date,last_action,url,state_link
1717675,2045,HB1,2,Engrossed,2023-02-24,"A Joint Resolution proposing an amendment to the Constitution of the Commonwealth of Pennsylvania, further providing for courts to be open and suits against the Commonwealth.","A Joint Resolution proposing an amendment to the Constitution of the Commonwealth of Pennsylvania, further providing for courts to be open and suits against the Commonwealth.",0,,2023-02-24,"Third consideration and final passage (161-40)",https://legiscan.com/PA/bill/HB1/2023/X1,https://www.legis.state.pa.us/cfdocs/billinfo/bill_history.cfm?syear=2023&sind=1&body=H&type=B&bn=1
1717678,2045,HB2,2,Engrossed,2023-02-24,"In limitation of time, further providing for infancy, insanity or imprisonment; in matters affecting government units, further providing for exceptions to sovereign immunity and for exceptions to governmental immunity; and making a repeal.","An Act amending Title 42 (Judiciary and Judicial Procedure) of the Pennsylvania Consolidated Statutes, in limitation of time, further providing for infancy, insanity or imprisonment; in matters affecting government units, further providing for exceptions to sovereign immunity and for exceptions to governmental immunity; and making a repeal.",0,,2023-02-24,"Third consideration and final passage (134-67)",https://legiscan.com/PA/bill/HB2/2023/X1,https://www.legis.state.pa.us/cfdocs/billinfo/bill_history.cfm?syear=2023&sind=1&body=H&type=B&bn=2
1649185,2045,HR2,1,Introduced,2023-01-09,"Adopting, with exceptions, the General Operating Rules of the House of Representatives (2021-2022) as the Rules of the House of Representatives for Special Session No. 1 (2023), further providing for debate, for time of meeting, for order of business, for standing committees, for powers and duties of standing committees and for Committee on Rules.","A Resolution adopting, with exceptions, the General Operating Rules of the House of Representatives (2021-2022) as the Rules of the House of Representatives for Special Session No. 1 (2023), further providing for debate, for time of meeting, for order of business, for standing committees, for powers and duties of standing committees and for Committee on Rules.",0,,2023-01-09,Introduced,https://legiscan.com/PA/bill/HR2/2023/X1,https://www.legis.state.pa.us/cfdocs/billinfo/bill_history.cfm?syear=2023&sind=1&body=H&type=R&bn=2
1717676,2045,HR7,4,Passed,2023-02-21,"Providing for the Operating Rules For The Special Session On Providing Justice To Otherwise Barred Victims Of Childhood Sexual Abuse (Special Session No. 1).","A Resolution providing for the Operating Rules For The Special Session On Providing Justice To Otherwise Barred Victims Of Childhood Sexual Abuse (Special Session No. 1).",0,,2023-02-21,"Adopted (102-99)",https://legiscan.com/PA/bill/HR7/2023/X1,https://www.legis.state.pa.us/cfdocs/billinfo/bill_history.cfm?syear=2023&sind=1&body=H&type=R&bn=7
1717674,2045,HR17,4,Passed,2023-02-21,"Providing for the adoption of a temporary rule relating to the consideration of a resolution providing for the Operating Rules For The Special Session On Providing Justice To Otherwise Barred Victims Of Childhood Sexual Abuse (Special Session No. 1).","A Resolution providing for the adoption of a temporary rule relating to the consideration of a resolution providing for the Operating Rules For The Special Session On Providing Justice To Otherwise Barred Victims Of Childhood Sexual Abuse (Special Session No. 1).",0,,2023-02-21,"Adopted (102-99)",https://legiscan.com/PA/bill/HR17/2023/X1,https://www.legis.state.pa.us/cfdocs/billinfo/bill_history.cfm?syear=2023&sind=1&body=H&type=R&bn=17
1717679,2045,HR21,1,Introduced,2023-02-21,"Adopting, with exceptions, the General Operating Rules of the House of Representatives (2021-2022) as the Rules of the House of Representatives for Special Session No. 1 (2023), further providing for supervision of Hall of the House and committee rooms, for debate, for time of meeting, for order of business, for standing committees, for powers and duties of standing committees and for Committee on Rules.","A Resolution adopting, with exceptions, the General Operating Rules of the House of Representatives (2021-2022) as the Rules of the House of Representatives for Special Session No. 1 (2023), further providing for supervision of Hall of the House and committee rooms, for debate, for time of meeting, for order of business, for standing committees, for powers and duties of standing committees and for Committee on Rules.",0,,2023-02-21,Introduced,https://legiscan.com/PA/bill/HR21/2023/X1,https://www.legis.state.pa.us/cfdocs/billinfo/bill_history.cfm?syear=2023&sind=1&body=H&type=R&bn=21
1717677,2045,HR22,1,Introduced,2023-02-21,"Providing for the Operating Rules for Special Session No. 1 (2023) on Providing Justice to Otherwise Barred Victims of Childhood Sexual Abuse.","A Resolution providing for the Operating Rules for Special Session No. 1 (2023) on Providing Justice to Otherwise Barred Victims of Childhood Sexual Abuse.",0,,2023-02-21,Introduced,https://legiscan.com/PA/bill/HR22/2023/X1,https://www.legis.state.pa.us/cfdocs/billinfo/bill_history.cfm?syear=2023&sind=1&body=H&type=R&bn=22
1719465,2045,HR23,1,Introduced,2023-02-23,"Amending the Operating Rules of the House of Representatives For Special Session No. 1 (2023) On Providing Justice To Otherwise Barred Victims Of Childhood Sexual Abuse, providing for definitions, for ethical conduct, for professional conduct and for Committee on Ethics.","A Resolution amending the Operating Rules of the House of Representatives For Special Session No. 1 (2023) On Providing Justice To Otherwise Barred Victims Of Childhood Sexual Abuse, providing for definitions, for ethical conduct, for professional conduct and for Committee on Ethics.",4830,"House To Provide Justice to Otherwise Barred Victims of Childhood Sexual Abuse",2023-02-27,"Referred to THE COMMITTEE TO PROVIDE JUSTICE TO OTHERWISE BARRED VICTIMS OF CHILDHOOD SEXUAL ABUSE",https://legiscan.com/PA/bill/HR23/2023/X1,https://www.legis.state.pa.us/cfdocs/billinfo/bill_history.cfm?syear=2023&sind=1&body=H&type=R&bn=23
