bill_id,document_id,document_type,document_size,document_mime,document_desc,url,state_link
1717675,2712583,text,66662,application/pdf,Introduced,https://legiscan.com/PA/text/HB1/id/2712583,https://www.legis.state.pa.us/cfdocs/legis/PN/Public/btCheck.cfm?txtType=PDF&sessYr=2023&sessInd=1&billBody=H&billTyp=B&billNbr=0001&pn=0006
1717678,2712586,text,86265,application/pdf,Introduced,https://legiscan.com/PA/text/HB2/id/2712586,https://www.legis.state.pa.us/cfdocs/legis/PN/Public/btCheck.cfm?txtType=PDF&sessYr=2023&sessInd=1&billBody=H&billTyp=B&billNbr=0002&pn=0007
1717678,2715356,text,86687,application/pdf,Amended,https://legiscan.com/PA/text/HB2/id/2715356,https://www.legis.state.pa.us/cfdocs/legis/PN/Public/btCheck.cfm?txtType=PDF&sessYr=2023&sessInd=1&billBody=H&billTyp=B&billNbr=0002&pn=0008
1649185,2629235,text,80618,application/pdf,Introduced,https://legiscan.com/PA/text/HR2/id/2629235,https://www.legis.state.pa.us/cfdocs/legis/PN/Public/btCheck.cfm?txtType=PDF&sessYr=2023&sessInd=1&billBody=H&billTyp=R&billNbr=0002&pn=0001
1717676,2712584,text,169682,application/pdf,Introduced,https://legiscan.com/PA/text/HR7/id/2712584,https://www.legis.state.pa.us/cfdocs/legis/PN/Public/btCheck.cfm?txtType=PDF&sessYr=2023&sessInd=1&billBody=H&billTyp=R&billNbr=0007&pn=0003
1717674,2712582,text,61653,application/pdf,Introduced,https://legiscan.com/PA/text/HR17/id/2712582,https://www.legis.state.pa.us/cfdocs/legis/PN/Public/btCheck.cfm?txtType=PDF&sessYr=2023&sessInd=1&billBody=H&billTyp=R&billNbr=0017&pn=0002
1717679,2712587,text,81874,application/pdf,Introduced,https://legiscan.com/PA/text/HR21/id/2712587,https://www.legis.state.pa.us/cfdocs/legis/PN/Public/btCheck.cfm?txtType=PDF&sessYr=2023&sessInd=1&billBody=H&billTyp=R&billNbr=0021&pn=0004
1717677,2712585,text,169954,application/pdf,Introduced,https://legiscan.com/PA/text/HR22/id/2712585,https://www.legis.state.pa.us/cfdocs/legis/PN/Public/btCheck.cfm?txtType=PDF&sessYr=2023&sessInd=1&billBody=H&billTyp=R&billNbr=0022&pn=0005
1719465,2715461,text,110753,application/pdf,Introduced,https://legiscan.com/PA/text/HR23/id/2715461,https://www.legis.state.pa.us/cfdocs/legis/PN/Public/btCheck.cfm?txtType=PDF&sessYr=2023&sessInd=1&billBody=H&billTyp=R&billNbr=0023&pn=0009
1717675,311145,supplement,286202,application/pdf,"Fiscal Note",https://legiscan.com/PA/supplement/HB1/id/311145,https://www.legis.state.pa.us/WU01/LI/BI/FN/2023/1/HB0001P0006.pdf
1717678,311144,supplement,284600,application/pdf,"Fiscal Note",https://legiscan.com/PA/supplement/HB2/id/311144,https://www.legis.state.pa.us/WU01/LI/BI/FN/2023/1/HB0002P0007.pdf
