bill_id,date,chamber,sequence,action
1649185,2023-01-09,House,1,Introduced
1717674,2023-02-21,House,1,Introduced
1717674,2023-02-21,House,2,"Motion for the previous question (102-99)"
1717674,2023-02-21,House,3,"Adopted (102-99)"
1717675,2023-02-21,House,1,"Referred to THE COMMITTEE TO PROVIDE JUSTICE TO OTHERWISE BARRED VICTIMS OF CHILDHOOD SEXUAL ABUSE"
1717675,2023-02-21,House,2,"Reported as committed"
1717675,2023-02-21,House,3,"First consideration"
1717675,2023-02-21,House,4,"Laid on the table"
1717675,2023-02-23,House,5,"Second consideration"
1717675,2023-02-24,House,6,"Third consideration and final passage (161-40)"
1717676,2023-02-21,House,1,Introduced
1717676,2023-02-21,House,2,"Motion for the previous question (102-99)"
1717676,2023-02-21,House,3,"Adopted (102-99)"
1717677,2023-02-21,House,1,Introduced
1717678,2023-02-21,House,1,"Referred to THE COMMITTEE TO PROVIDE JUSTICE TO OTHERWISE BARRED VICTIMS OF CHILDHOOD SEXUAL ABUSE"
1717678,2023-02-21,House,2,"Reported as committed"
1717678,2023-02-21,House,3,"First consideration"
1717678,2023-02-21,House,4,"Laid on the table"
1717678,2023-02-23,House,5,"Corrective Reprint, Printer's No. 8"
1717678,2023-02-23,House,6,"Second consideration"
1717678,2023-02-24,House,7,"Third consideration and final passage (134-67)"
1717679,2023-02-21,House,1,Introduced
1719465,2023-02-23,House,1,Introduced
1719465,2023-02-27,House,2,"Referred to THE COMMITTEE TO PROVIDE JUSTICE TO OTHERWISE BARRED VICTIMS OF CHILDHOOD SEXUAL ABUSE"
