bill_id,roll_call_id,date,chamber,description,yea,nay,nv,absent,total
1717674,1257955,2023-02-21,House,"House Floor: HR 17 PN 2, MOTION TO MOVE PREVIOUS QUESTION",102,99,0,2,203
1717674,1257956,2023-02-21,House,"House Floor: HR 17 PN 2",102,99,0,2,203
1717675,1258803,2023-02-21,House,"House Committee: Bring Up The Bill For Consideration",5,0,0,0,5
1717675,1260922,2023-02-24,House,"House Floor: HB 1 PN 6, FINAL PASSAGE",161,40,0,2,203
1717676,1257957,2023-02-21,House,"House Floor: HR 7 PN 3, MOTION TO POSTPONE",99,102,0,2,203
1717676,1257958,2023-02-21,House,"House Floor: HR 7 PN 3, MOTION TO MOVE PREVIOUS QUESTION",102,99,0,2,203
1717676,1257959,2023-02-21,House,"House Floor: HR 7 PN 3",102,99,0,2,203
1717678,1258809,2023-02-21,House,"House Committee: Bring Up The Bill For Consideration",3,2,0,0,5
1717678,1259698,2023-02-23,House,"House Floor: HB 2 PN 8, 2023 A49, MOTION TO APPEAL RULING OF THE CHAIR",102,99,0,2,203
1717678,1259699,2023-02-23,House,"House Floor: HB 2 PN 8, 2023 A46",63,138,0,2,203
1717678,1260915,2023-02-24,House,"House Floor: HB 2 PN 8, FINAL PASSAGE",134,67,0,2,203
1719465,1259659,2023-02-23,House,"House Floor: HR 23 PN 9, MOTION TO SUSPEND RULES",99,102,0,2,203
