people_id,name,first_name,middle_name,last_name,suffix,nickname,party_id,party,role_id,role,district,followthemoney_eid,votesmart_id,opensecrets_id,ballotpedia,knowwho_pid,committee_id
261,"William Adolph",William,F.,Adolph,Jr.,,2,R,1,Rep,HD-165,13006051,9076,,"William_Adolph,_Jr.",198388,0
262,"David Argall",David,G.,Argall,,,2,R,2,Sen,SD-029,13005915,9078,,David_Argall,198346,0
263,"Matthew Baker",Matthew,E.,Baker,,,2,R,1,Rep,HD-068,5792237,9080,,Matthew_Baker_(Pennsylvania),198293,0
264,"Stephen Barrar",Stephen,E.,Barrar,,,2,R,1,Rep,HD-160,13006039,10165,,Stephen_Barrar,198380,0
265,"Bob Bastian",Bob,,Bastian,,,2,R,1,Rep,HD-069,13005726,9846,,Bob_Bastian,0,0
266,"John Bear",John,C.,Bear,,,2,R,1,Rep,HD-097,13005820,60154,,John_Bear_(Pennsylvania),248706,0
267,"Robert Belfanti",Robert,E.,Belfanti,Jr.,,1,D,1,Rep,HD-107,6370829,9086,,"Robert_Belfanti,_Jr.",198330,0
268,"Kerry Benninghoff",Kerry,A.,Benninghoff,,,2,R,1,Rep,HD-171,5862805,10176,,Kerry_Benninghoff,198394,0
269,"Lisa Bennington",Lisa,,Bennington,,,1,D,1,Rep,HD-021,6477359,60196,,,0,0
270,"Karen Beyer",Karen,D.,Beyer,,,2,R,1,Rep,HD-131,6670421,58782,,Karen_Beyer,237621,0
271,"Vincent Biancucci",Vincent,A.,Biancucci,,Vince,1,D,1,Rep,HD-015,6400135,47429,,,0,0
272,"Louise Bishop",Louise,Williams,Bishop,,,1,D,1,Rep,HD-192,6370923,9088,,Louise_Williams_Bishop,198415,0
273,"Thomas Blackwell",Thomas,W.,Blackwell,IV,,1,D,1,Rep,HD-190,6454518,46926,,,0,0
274,"Karen Boback",Karen,,Boback,,,2,R,1,Rep,HD-117,6671507,58437,,Karen_Boback,248718,0
275,"Scott Boyd",Scott,W.,Boyd,,,2,R,1,Rep,HD-043,13005624,46921,,Scott_Boyd_(Pennsylvania),212233,0
276,"Joseph Brennan",Joseph,F.,Brennan,,,1,D,1,Rep,HD-133,13005955,60278,,Joseph_Brennan,248729,0
277,"Michele Brooks",Michele,,Brooks,,,2,R,2,Sen,SD-050,13005536,68907,,Michele_Brooks,248575,0
278,"Ron Buxton",Ron,,Buxton,,,1,D,1,Rep,HD-103,5711394,9096,,Ronald_Buxton,198326,0
279,"Thomas Caltagirone",Thomas,R.,Caltagirone,,,1,D,1,Rep,HD-127,5112893,9097,,Thomas_Caltagirone,198349,0
280,"Steven Cappelli",Steven,W.,Cappelli,,,2,R,1,Rep,HD-083,6603351,47133,,,0,0
281,"Mike Carroll",Mike,,Carroll,,,1,D,1,Rep,HD-118,13005894,60238,,Mike_Carroll_(Pennsylvania),237663,0
282,"James Casorio",James,E.,Casorio,Jr.,,1,D,1,Rep,HD-056,13005679,9838,,"James_Casorio,_Jr.",198281,0
283,"Martin Causer",Martin,T.,Causer,,,2,R,1,Rep,HD-067,13005723,46966,,Martin_Causer,212225,0
284,"Mario Civera",Mario,J.,Civera,Jr.,,2,R,1,Rep,HD-164,6568653,9103,,"Mario_Civera,_Jr.",198387,0
285,"Paul Clymer",Paul,Irvin,Clymer,,,2,R,1,Rep,HD-145,6568697,9105,,Paul_Clymer,198363,0
286,"Mark Cohen",Mark,B.,Cohen,,,1,D,1,Rep,HD-202,4876140,9107,,Mark_B._Cohen_(Pennsylvania),198424,0
287,"Scott Conklin","H. Scott",,Conklin,,,1,D,1,Rep,HD-077,12997014,9854,,H._Scott_Conklin,248617,0
288,"Paul Costa",Paul,,Costa,,,1,D,1,Rep,HD-034,6371704,24039,,Paul_Costa,198240,0
289,"Jim Cox",Jim,,Cox,,,2,R,1,Rep,HD-129,13005935,60262,,Jim_Cox,248725,0
290,"Thomas Creighton",Thomas,C.,Creighton,,Tom,2,R,1,Rep,HD-037,13005598,46850,,Thomas_Creighton,208324,0
291,"Angel Cruz",Angel,L.,Cruz,,,1,D,1,Rep,HD-180,4870975,47250,,Angel_Cruz_(Pennsylvania),209181,0
292,"Lawrence Curry",Lawrence,H.,Curry,,,1,D,1,Rep,HD-154,13006022,9116,,Lawrence_Curry,198374,0
293,"Bryan Cutler",Bryan,D.,Cutler,,,2,R,1,Rep,HD-100,13005831,59785,,Bryan_Cutler,248708,0
294,"Peter Daley",Peter,J.,Daley,II,,1,D,1,Rep,HD-049,6400193,9117,,"Peter_Daley,_III",198274,0
295,"Craig Dally",Craig,A.,Dally,,,2,R,1,Rep,HD-138,6568898,9723,,Craig_Dally,198356,0
296,"Anthony DeLuca",Anthony,M.,DeLuca,,,1,D,1,Rep,HD-032,13005589,9118,,Anthony_DeLuca_(Pennsylvania_Representative),198255,0
297,"Eugene DePasquale",Eugene,A.,DePasquale,,,1,D,1,Rep,HD-095,13005814,65036,,Eugene_DePasquale,248704,0
298,"William DeWeese","H. William",,DeWeese,,,1,D,1,Rep,HD-050,13005655,9119,,William_H._DeWeese,198275,0
299,"Gordon Denlinger",Gordon,R.,Denlinger,,,2,R,1,Rep,HD-099,13005827,47094,,Gordon_Denlinger,215781,0
300,"Frank Dermody",Frank,J.,Dermody,,,1,D,1,Rep,HD-033,13005590,9122,,Frank_Dermody,198256,0
301,"Gene DiGirolamo",Gene,D.,DiGirolamo,,,2,R,1,Rep,HD-018,13005537,9123,,Gene_DiGirolamo,198242,0
302,"Robert Donatucci",Robert,C.,Donatucci,,,1,D,1,Rep,HD-185,13006101,9124,,Robert_Donatucci,198408,0
303,"Todd Eachus",Todd,A.,Eachus,,,1,D,1,Rep,HD-116,13005880,10124,,Todd_Eachus,198339,0
304,"Brian Ellis",Brian,L.,Ellis,,,2,R,1,Rep,HD-011,6603434,47350,,Brian_Ellis_(Pennsylvania),226658,0
305,"Dwight Evans",Dwight,,Evans,,,1,D,1,Rep,HD-203,13006152,9128,,Dwight_Evans,198425,0
306,"John Evans",John,R.,Evans,,,2,R,1,Rep,HD-005,6603452,47328,,John_Evans_(Pennsylvania),208322,0
307,"Garth Everett",Garth,David,Everett,,,2,R,1,Rep,HD-084,13005779,60165,,Garth_Everett,248621,0
308,"Florindo Fabrizio",Florindo,J.,Fabrizio,,Flo,1,D,1,Rep,HD-002,5130347,47047,,Florindo_Fabrizio,212240,0
309,"Russell Fairchild",Russell,H.,Fairchild,,Russ,2,R,1,Rep,HD-085,6569179,9129,,Russell_Fairchild,198309,0
310,"Michael Fleck",Michael,E.,Fleck,,Mike,2,R,1,Rep,HD-081,4882263,60132,,Michael_Fleck_(Pennsylvania),248619,0
311,"Dan Frankel",Dan,B.,Frankel,,,1,D,1,Rep,HD-023,13005552,24008,,Dan_Frankel,198239,0
312,"Robert Freeman",Robert,,Freeman,,,1,D,1,Rep,HD-136,5617219,24002,,Robert_Freeman_(Pennsylvania),197547,0
313,"William Gabig",William,I.,Gabig,,Will,2,R,1,Rep,HD-199,13006141,47043,,William_Gabig,209185,0
314,"John Galloway",John,T.,Galloway,,,1,D,1,Rep,HD-140,13005975,58448,,John_Galloway_(Pennsylvania),248733,0
315,"Richard Geist",Richard,A.,Geist,,,2,R,1,Rep,HD-079,6569347,9139,,Richard_Geist,198303,0
316,"Camille George",Camille,E.,George,,Bud,1,D,1,Rep,HD-074,6372537,9140,,Camille_George,198298,0
317,"Michael Gerber",Michael,,Gerber,,Mike,1,D,1,Rep,HD-148,13006000,47014,,Michael_Gerber_(Pennsylvania),226723,0
318,"Marc Gergely",Marc,J.,Gergely,,,1,D,1,Rep,HD-035,6400237,47197,,Marc_Gergely,212230,0
319,"Jaret Gibbons",Jaret,A.,Gibbons,,,1,D,1,Rep,HD-010,6477568,59977,,Jaret_Gibbons,248569,0
320,"Keith Gillespie",Keith,J.,Gillespie,,,2,R,1,Rep,HD-047,13005640,46909,,Keith_Gillespie,212237,0
321,"Mauree Gingrich",Mauree,A.,Gingrich,,,2,R,1,Rep,HD-101,5907152,47262,,Mauree_Gingrich,212226,0
322,"Robert Godshall",Robert,W.,Godshall,,,2,R,1,Rep,HD-053,6569398,9143,,Robert_Godshall_(Pennsylvania),198278,0
323,"Neal Goodman",Neal,P.,Goodman,,,1,D,1,Rep,HD-123,6400242,47193,,Neal_Goodman,212228,0
324,"Glen Grell",Glen,R.,Grell,,,2,R,1,Rep,HD-087,13005785,47095,,Glen_Grell,226697,0
325,"Richard Grucela",Richard,T.,Grucela,,,1,D,1,Rep,HD-137,6372738,24004,,Richard_Grucela,197548,0
326,"Gary Haluska",Gary,,Haluska,,,1,D,1,Rep,HD-073,6372816,9148,,Gary_Haluska,198297,0
327,"Michael Hanna",Michael,K.,Hanna,,Mike,1,D,1,Rep,HD-076,13005754,9149,,"Michael_Hanna,_Sr.",198300,0
328,"Ted Harhai","R. Ted",,Harhai,,,1,D,1,Rep,HD-058,5275692,23826,,R._Ted_Harhai,198283,0
329,"Juliann Harhart",Juliann,L.,Harhart,,Julie,2,R,1,Rep,HD-183,6569565,9150,,Julie_Harhart,198406,0
330,"Patrick Harkins",Patrick,J.,Harkins,,,1,D,1,Rep,HD-001,6477622,60212,,Patrick_Harkins,248562,0
331,"Kate Harper",Kate,M.,Harper,,,2,R,1,Rep,HD-061,6603567,47315,,Catherine_Harper,208326,0
332,"Christopher Harris",Christopher,Adam,Harris,,,2,R,1,Rep,HD-082,6603578,46957,,C._Adam_Harris,212221,0
333,"Susan Helm",Susan,C.,Helm,,Sue,2,R,1,Rep,HD-104,5000963,46977,,Susan_Helm,248712,0
334,"Timothy Hennessey",Timothy,F.,Hennessey,,Tim,2,R,1,Rep,HD-026,13005561,9152,,Timothy_Hennessey,198249,0
335,"Arthur Hershey",Arthur,D.,Hershey,,Art,2,R,1,Rep,HD-013,13005512,9154,,,0,0
336,"Dick Hess",Dick,L.,Hess,,,2,R,1,Rep,HD-078,6569704,9155,,Dick_Hess,198302,0
337,"David Hickernell",David,S.,Hickernell,,,2,R,1,Rep,HD-098,13005822,46822,,David_Hickernell_(Pennsylvania),490922,0
338,"John Hornaman",John,,Hornaman,,,1,D,1,Rep,HD-003,6477663,60216,,John_Hornaman,250994,0
339,"Scott Hutchinson",Scott,E.,Hutchinson,,,2,R,2,Sen,SD-021,4992811,9157,,Scott_Hutchinson,198289,0
340,"Harold James",Harold,,James,,,1,D,1,Rep,HD-186,13006102,9160,,Harold_James,198409,0
341,"Babette Josephs",Babette,,Josephs,,,1,D,1,Rep,HD-182,13006093,9162,,Babette_Josephs,198405,0
342,"Robert Kauffman",Robert,W.,Kauffman,,Rob,2,R,1,Rep,HD-089,13005797,46963,,Rob_Kauffman,226700,0
343,"William Keller",William,F.,Keller,,,1,D,1,Rep,HD-184,6373320,9164,,William_Keller_(Pennsylvania),198407,0
344,"Mark Keller",Mark,K.,Keller,,,2,R,1,Rep,HD-086,13005783,46781,,Mark_K._Keller,226696,0
345,"George Kenney",George,T.,Kenney,Jr.,,2,R,1,Rep,HD-170,13006065,9165,,,0,0
346,"David Kessler",David,R.,Kessler,,,1,D,1,Rep,HD-130,5158838,60268,,David_Kessler,248727,0
347,"Thomas Killion",Thomas,H.,Killion,,,2,R,2,Sen,SD-009,13006060,47387,,Thomas_Killion,216816,0
348,"Christopher King",Christopher,J.,King,,Chris,1,D,1,Rep,HD-142,6450313,46912,,Christopher_King,0,0
349,"Thaddeus Kirkland",Thaddeus,,Kirkland,,,1,D,1,Rep,HD-159,12997098,9167,,Thaddeus_Kirkland,198379,0
350,"William Kortz",William,C.,Kortz,,Bill,1,D,1,Rep,HD-038,6477710,60183,,William_Kortz_II,248604,0
351,"Nickolas Kotik",Nickolas,M.,Kotik,,Nick,1,D,1,Rep,HD-045,13005630,46806,,Nick_Kotik,212236,0
352,"Deberah Kula",Deberah,,Kula,,,1,D,1,Rep,HD-052,13005671,58355,,Deberah_Kula,248615,0
353,"Daylin Leach",Daylin,,Leach,,,1,D,2,Sen,SD-017,5023460,46866,,Daylin_Leach,212220,0
354,"Bryan Lentz",Bryan,R.,Lentz,,,1,D,1,Rep,HD-161,13006042,60295,,Bryan_Lentz,248747,0
355,"David Levdansky",David,K.,Levdansky,,,1,D,1,Rep,HD-039,6373593,9176,,David_Levdansky,198260,0
356,"Mark Longietti",Mark,A.,Longietti,,,1,D,1,Rep,HD-007,6477778,59976,,Mark_Longietti,248567,0
357,"Beverly Mackereth",Beverly,,Mackereth,,,2,R,1,Rep,HD-196,13006129,46846,,,0,0
358,"John Maher",John,A.,Maher,,,2,R,1,Rep,HD-040,5527720,23920,,John_Maher_(Pennsylvania),198261,0
359,"Timothy Mahoney",Timothy,S.,Mahoney,,Tim,1,D,1,Rep,HD-051,4985188,47493,,"Tim_Mahoney,_Pennsylvania_Representative",248613,0
360,"Sandra Major",Sandra,J.,Major,,,2,R,1,Rep,HD-111,5093220,9181,,Sandra_Major,198334,0
361,"Kathy Manderino",Kathy,M.,Manderino,,,1,D,1,Rep,HD-194,13006121,9182,,Kathy_Manderino,198417,0
362,"Jennifer Mann",Jennifer,L.,Mann,,,1,D,1,Rep,HD-132,13005950,24098,,Jennifer_Mann,198269,0
363,"Carl Mantz",Carl,W.,Mantz,,,2,R,1,Rep,HD-187,13006107,57070,,,0,0
364,"Joseph Markosek",Joseph,F.,Markosek,,,1,D,1,Rep,HD-025,13005556,9183,,Joseph_Markosek,198248,0
365,"James Marshall",James,E.,Marshall,,Jim,2,R,1,Rep,HD-014,5173384,31916,,Jim_Marshall,248573,0
366,"Ron Marsico",Ron,,Marsico,,,2,R,1,Rep,HD-105,5005398,9184,,Ronald_Marsico,198328,0
367,"Keith McCall",Keith,R.,McCall,,,1,D,1,Rep,HD-122,6373896,9187,,Keith_McCall,198344,0
368,"Michael McGeehan",Michael,Patrick,McGeehan,,,1,D,1,Rep,HD-173,6373961,9188,,Michael_McGeehan,198396,0
369,"Fred McIlhattan",Fred,,McIlhattan,,,2,R,1,Rep,HD-063,6570552,9842,,,0,0
370,"Barbara Smith",Barbara,McIlvaine,Smith,,,1,D,1,Rep,HD-156,13006030,47407,,Barbara_McIlvaine_Smith,250998,0
371,"Anthony Melio",Anthony,J.,Melio,,,1,D,1,Rep,HD-141,13005977,9190,,Anthony_Melio,198359,0
372,"Robert Mensch",Robert,Bruce,Mensch,,Bob,2,R,2,Sen,SD-024,13005996,57094,,Bob_Mensch,248739,0
373,"Daryl Metcalfe",Daryl,D.,Metcalfe,,,2,R,1,Rep,HD-012,6570655,24003,,Daryl_Metcalfe,197913,0
374,"Nicholas Micozzie",Nicholas,A.,Micozzie,,,2,R,1,Rep,HD-163,13006046,9193,,Nicholas_Micozzie,198386,0
375,"David Millard",David,R.,Millard,,,2,R,1,Rep,HD-109,6658193,2540,,David_Millard,222022,0
376,"Ron Miller",Ron,,Miller,,,2,R,1,Rep,HD-093,13005807,24073,,Ron_Miller_(Pennsylvania),198267,0
377,"Duane Milne",Duane,D.,Milne,,,2,R,1,Rep,HD-167,6670558,57906,,Duane_Milne,251000,0
378,"Dan Moul",Dan,,Moul,,,2,R,1,Rep,HD-091,5186780,58370,,Dan_Moul,248701,0
379,"Jay Moyer",Jay,R.,Moyer,,,2,R,1,Rep,HD-070,6670567,57921,,Jay_Moyer,0,0
380,"Phyllis Mundy",Phyllis,,Mundy,,,1,D,1,Rep,HD-120,13005905,9196,,Phyllis_Mundy,198342,0
381,"Thomas Murt",Thomas,P.,Murt,,,2,R,1,Rep,HD-152,6670572,58360,,Thomas_Murt,248745,0
382,"Thomas Mustio",Thomas,Mark,Mustio,,,2,R,1,Rep,HD-044,13005628,47161,,T._Mark_Mustio,216815,0
383,"John Myers",John,,Myers,,,1,D,1,Rep,HD-201,13006150,9218,,John_Myers_(Pennsylvania),198366,0
384,"Jerry Nailor",Jerry,L.,Nailor,,,2,R,1,Rep,HD-088,6570861,9197,,,0,0
385,"Steven Nickol",Steven,R.,Nickol,,,2,R,1,Rep,HD-193,6570952,9198,,,0,0
386,"Michael O'Brien",Michael,H.,O'Brien,,,1,D,1,Rep,HD-175,6477872,58351,,Michael_O%27Brien_(Pennsylvania),204059,0
387,"Dennis O'Brien",Dennis,M.,O'Brien,,,2,R,1,Rep,HD-169,13006064,9200,,Dennis_M._O%27Brien,198392,0
388,"Bernie O'Neill",Bernie,,O'Neill,,,2,R,1,Rep,HD-029,13005575,47045,,Bernard_O%27Neill,212229,0
389,"Frank Oliver",Frank,Louis,Oliver,,,1,D,1,Rep,HD-195,4876198,9202,,"Frank_Oliver,_Sr.",198418,0
390,"John Pallone",John,E.,Pallone,,,1,D,1,Rep,HD-054,13005674,47127,,John_Pallone,124786,0
391,"Cherelle Parker",Cherelle,L.,Parker,,,1,D,1,Rep,HD-200,13006149,59286,,Cherelle_Parker,240584,0
392,"Eddie Pashinski",Eddie,Day,Pashinski,,,1,D,1,Rep,HD-121,13005909,60250,,Eddie_Day_Pashinski,248721,0
393,"John Payne",John,D.,Payne,,,2,R,1,Rep,HD-106,13005848,46766,,John_Payne,212238,0
394,"Tony Payton",Tony,J.,Payton,Jr.,,1,D,1,Rep,HD-179,13006087,57932,,"Tony_Payton,_Jr.",248750,0
395,"Michael Peifer",Michael,T.,Peifer,,,2,R,1,Rep,HD-139,13005972,58442,,Michael_Peifer,248731,0
396,"Scott Perry",Scott,,Perry,,,2,R,1,Rep,HD-092,13005805,59980,,Scott_Perry,248703,0
397,"John Perzel",John,M.,Perzel,,,2,R,1,Rep,HD-172,13006070,9203,,John_Perzel,198395,0
398,"Joseph Petrarca",Joseph,A.,Petrarca,,,1,D,1,Rep,HD-055,5440287,9205,,Joseph_Petrarca,198280,0
399,"Scott Petri",Scott,A.,Petri,,,2,R,1,Rep,HD-178,6603730,46907,,Scott_Petri,212231,0
400,"Thomas Petrone",Thomas,C.,Petrone,,,1,D,1,Rep,HD-027,6374684,9206,,,0,0
401,"Merle Phillips",Merle,H.,Phillips,,,2,R,1,Rep,HD-108,13005856,9208,,Merle_Phillips,198331,0
402,"Tina Pickett",Tina,,Pickett,,,2,R,1,Rep,HD-110,13005862,46920,,Tina_Pickett,208328,0
403,"Joseph Preston",Joseph,,Preston,Jr.,,1,D,1,Rep,HD-024,6374819,9212,,"Joseph_Preston,_Jr.",198247,0
404,"Jeffrey Pyle",Jeffrey,P.,Pyle,,,2,R,1,Rep,HD-060,6658241,47265,,Jeffrey_Pyle,226688,0
405,"Thomas Quigley",Thomas,J.,Quigley,,,2,R,1,Rep,HD-146,13005992,23982,,Thomas_Quigley,226718,0
406,"Marguerite Quinn",Marguerite,Corr,Quinn,,,2,R,1,Rep,HD-143,13005987,58457,,Marguerite_Quinn_(Pennsylvania),248737,0
407,"Sean Ramaley",Sean,Michael,Ramaley,,,1,D,1,Rep,HD-016,6454753,47154,,,0,0
408,"Kathy Rapp",Kathy,L.,Rapp,,,2,R,1,Rep,HD-065,4883173,47122,,Kathy_Rapp,226692,0
409,"Ron Raymond",Ron,,Raymond,,,2,R,1,Rep,HD-162,13006043,9214,,Robert_Raymond,0,0
410,"Harry Readshaw",Harry,,Readshaw,,,1,D,1,Rep,HD-036,5361987,9215,,Harry_Readshaw_III,198258,0
411,"David Reed",David,L.,Reed,,,2,R,1,Rep,HD-062,13005706,47270,,Dave_Reed,212234,0
412,"Douglas Reichley",Douglas,G.,Reichley,,,2,R,1,Rep,HD-134,6603772,47228,,Douglas_Reichley,212219,0
413,"Bradley Roae",Bradley,T.,Roae,,Brad,2,R,1,Rep,HD-006,13005497,9801,,Bradley_Roae,248565,0
414,"Todd Rock",Todd,A.,Rock,,,2,R,1,Rep,HD-090,6670606,58368,,Todd_Rock,248623,0
415,"James Roebuck",James,R.,Roebuck,Jr.,,1,D,1,Rep,HD-188,5574871,9222,,James_Roebuck_Jr.,198411,0
416,"Samuel Rohrer",Samuel,E.,Rohrer,,Sam,2,R,1,Rep,HD-128,6571488,9223,,Sam_Rohrer,198350,0
417,"Chris Ross",Chris,,Ross,,,2,R,1,Rep,HD-157,6571526,10163,,Chris_Ross,198378,0
418,"Carole Rubley",Carole,A.,Rubley,,,2,R,1,Rep,HD-157,6571535,9225,,,0,0
419,"John Sabatina",John,P.,Sabatina,Jr.,,1,D,2,Sen,SD-005,6477998,58594,,John_Sabatina_Jr.,245618,0
420,"Christopher Sainato",Christopher,,Sainato,,Chris,1,D,1,Rep,HD-009,6400448,9228,,Chris_Sainato,198231,0
421,"Stephen Samuelson",Stephen,P.,Samuelson,,Steve,1,D,1,Rep,HD-135,5931202,23893,,Steve_Samuelson_(Pennsylvania),197872,0
422,"Dante Santoni",Dante,,Santoni,Jr.,,1,D,1,Rep,HD-126,6375206,9229,,"Dante_Santoni,_Jr.",198348,0
423,"Stanley Saylor",Stanley,E.,Saylor,,Stan,2,R,1,Rep,HD-094,13005811,9231,,Stanley_Saylor,198317,0
424,"Mario Scavello",Mario,M.,Scavello,,,2,R,2,Sen,SD-040,5092831,47251,,Mario_Scavello,210457,0
425,"Curt Schroder",Curt,,Schroder,,,2,R,1,Rep,HD-155,6571667,9232,,Curt_Schroder,198375,0
426,"Tim Seip",Tim,,Seip,,,1,D,1,Rep,HD-125,11022922,60254,,Tim_Seip,248723,0
427,"Josh Shapiro",Josh,,Shapiro,,,1,D,1,Rep,HD-153,6454796,46832,,Josh_Shapiro,0,0
428,"Frank Shimkus",Frank,Andrews,Shimkus,,,1,D,1,Rep,HD-113,13005871,60222,,,0,0
429,"John Siptroth",John,J.,Siptroth,,,1,D,1,Rep,HD-189,13006113,47124,,John_Siptroth,234759,0
430,"Sam Smith",Sam,H.,Smith,,,2,R,1,Rep,HD-066,13005719,9240,,Samuel_Smith_(Pennsylvania),198291,0
431,"Matthew Smith",Matthew,,Smith,,,1,D,1,Rep,HD-042,13005621,60177,,Matthew_Smith_(Pennsylvania),248607,0
432,"Ken Smith",Ken,,Smith,,,1,D,1,Rep,HD-112,13005867,60144,,Ken_Smith_(Pennsylvania),248714,0
433,"Timothy Solobay",Timothy,Joseph,Solobay,,,1,D,2,Sen,SD-046,13005647,24100,,Timothy_Solobay,198273,0
434,"Curtis Sonney",Curtis,G.,Sonney,,,2,R,1,Rep,HD-004,6658273,47258,,Curtis_Sonney,226656,0
435,"Edward Staback",Edward,G.,Staback,,,1,D,1,Rep,HD-115,6375542,9242,,Edward_Staback,198338,0
436,"Jess Stairs",Jess,M.,Stairs,,,2,R,1,Rep,HD-059,6571931,9243,,Jess_Loban,0,0
437,"David Steil",David,J.,Steil,,,2,R,1,Rep,HD-031,13005584,9245,,,0,0
438,"Jerry Stern",Jerry,A.,Stern,,,2,R,1,Rep,HD-080,5455985,9246,,Jerry_Stern,198304,0
439,"Richard Stevenson",Richard,R.,Stevenson,,Dick,2,R,1,Rep,HD-008,6603866,47297,,Richard_Stevenson,208323,0
440,"Michael Sturla","P. Michael",,Sturla,,,1,D,1,Rep,HD-096,6375684,9250,,P._Michael_Sturla,198319,0
441,"Dan Surra",Dan,A.,Surra,,,1,D,1,Rep,HD-075,13005750,9251,,,0,0
442,"RoseMarie Swanger",RoseMarie,,Swanger,,,2,R,1,Rep,HD-102,13005838,60129,,Rosemarie_Swanger,248710,0
443,"Thomas Tangretti",Thomas,A.,Tangretti,,,1,D,1,Rep,HD-057,6375735,9252,,,0,0
444,"John Taylor",John,J.,Taylor,,,2,R,1,Rep,HD-177,5390910,9254,,John_Taylor_(Pennsylvania),198400,0
445,"Rick Taylor",Rick,,Taylor,,,1,D,1,Rep,HD-151,13006014,60288,,Rick_Taylor,248743,0
446,"Curtis Thomas","W. Curtis",,Thomas,,,1,D,1,Rep,HD-181,13006091,9255,,W._Curtis_Thomas,198404,0
447,"Katie True",Katie,,True,,,2,R,1,Rep,HD-041,5057759,9260,,Katie_True,198259,0
448,"Michael Turzai",Michael,C.,Turzai,,Mike,2,R,1,Rep,HD-028,13005571,23934,,Mike_Turzai,209177,0
449,"Michael Vereb",Michael,A.,Vereb,,Mike,2,R,1,Rep,HD-150,6670656,60287,,Mike_Vereb,248741,0
450,"Gregory Vitali",Gregory,S.,Vitali,,Greg,1,D,1,Rep,HD-166,5615940,9265,,Gregory_Vitali,198389,0
451,"Randy Vulakovich",Randy,,Vulakovich,,,2,R,2,Sen,SD-040,13005583,60138,,Randy_Vulakovich,248599,0
452,"Chelsa Wagner",Chelsa,,Wagner,,,1,D,1,Rep,HD-022,13005551,60194,,Chelsa_Wagner,248592,0
453,"Don Walko",Don,,Walko,,,1,D,1,Rep,HD-020,13005541,9266,,Donald_R._Walko_Jr.,198244,0
454,"James Wansacz",James,,Wansacz,,Jim,1,D,1,Rep,HD-114,13005873,23936,,James_Wansacz,209178,0
455,"Ronald Waters",Ronald,Granville,Waters,,,1,D,1,Rep,HD-191,4749650,2538,,Ronald_Waters,198414,0
456,"Katharine Watson",Katharine,M.,Watson,,,2,R,1,Rep,HD-144,4745131,47462,,Katharine_Watson,209180,0
457,"Jake Wheatley",Jake,,Wheatley,Jr.,,1,D,1,Rep,HD-019,6400517,47009,,Jake_Wheatley_Jr.,212232,0
458,"Jesse White",Jesse,Jeffrey,White,,,1,D,1,Rep,HD-046,5282020,47366,,Jesse_White_(Pennsylvania),248611,0
459,"Jewell Williams",Jewell,,Williams,,,1,D,1,Rep,HD-197,13006136,46783,,Jewell_Williams,399618,0
460,"Edward Wojnaroski",Edward,P.,Wojnaroski,Sr.,,1,D,1,Rep,HD-071,13005734,9849,,,0,0
461,"Tom Yewcic",Tom,,Yewcic,,,1,D,1,Rep,HD-072,13005740,9274,,,0,0
462,"Rosita Youngblood",Rosita,C.,Youngblood,,,1,D,1,Rep,HD-198,6376322,9275,,Rosita_Youngblood,198421,0
463,"John Yudichak",John,T.,Yudichak,,,1,D,2,Sen,SD-014,13005901,23956,,John_Yudichak,198268,0
464,"Gibson Armstrong",Gibson,E.,Armstrong,,,2,R,2,Sen,SD-013,6583724,5235,,Thomas_G._Armstrong,0,0
465,"Lisa Baker",Lisa,,Baker,,,2,R,2,Sen,SD-020,6670412,57107,,Lisa_Baker_(Pennsylvania),248753,0
466,"Lisa Boscola",Lisa,M.,Boscola,,,1,D,2,Sen,SD-018,13013365,9090,,Lisa_Boscola,198190,0
467,"Patrick Browne",Patrick,M.,Browne,,,2,R,2,Sen,SD-016,5701825,9093,,Pat_Browne,198353,0
468,"Michael Brubaker",Michael,W.,Brubaker,,,2,R,2,Sen,SD-036,13013398,60209,,Michael_Brubaker,248755,0
469,"Jacob Corman",Jacob,Doyle,Corman,,Jake,2,R,2,Sen,SD-034,6568771,23839,,Jake_Corman,198206,0
470,"Jay Costa",Jay,,Costa,Jr.,,1,D,2,Sen,SD-043,6387296,9798,,Jay_Costa,198215,0
471,"Andrew Dinniman",Andrew,E.,Dinniman,,,1,D,2,Sen,SD-019,6478069,2560,,Andy_Dinniman,247088,0
472,"Jane Earll",Jane,M.,Earll,,,2,R,2,Sen,SD-049,12997101,9800,,Jane_Earll,198221,0
473,"John Eichelberger",John,H.,Eichelberger,Jr.,,2,R,2,Sen,SD-030,13013388,58510,,John_Eichelberger,251078,0
474,"Edwin Erickson",Edwin,B.,Erickson,,,2,R,2,Sen,SD-026,6603444,47186,,Edwin_Erickson,129805,0
475,"Jim Ferlo",Jim,,Ferlo,,,1,D,2,Sen,SD-038,12402027,46942,,Jim_Ferlo,142920,0
476,"Michael Folmer",Michael,J.,Folmer,,Mike,2,R,2,Sen,SD-048,6670480,57088,,Mike_Folmer,248757,0
477,"Wayne Fontana",Wayne,D.,Fontana,,,1,D,2,Sen,SD-042,13013414,55684,,Wayne_Fontana,237337,0
478,"Vincent Fumo",Vincent,J.,Fumo,,,1,D,2,Sen,SD-001,13013333,5439,,,0,0
479,"John Gordner",John,R.,Gordner,,,2,R,2,Sen,SD-027,13005858,9144,,John_Gordner,198332,0
480,"Stewart Greenleaf",Stewart,J.,Greenleaf,,,2,R,2,Sen,SD-012,13013351,5225,,Stewart_Greenleaf,198184,0
481,"Vincent Hughes",Vincent,J.,Hughes,,,1,D,2,Sen,SD-007,6387306,5220,,Vincent_Hughes,198179,0
482,"Richard Kasunic",Richard,A.,Kasunic,,,1,D,2,Sen,SD-032,5377435,5218,,"Richard_Kasunic,_II",198204,0
483,"Shirley Kitchen",Shirley,M.,Kitchen,,,1,D,2,Sen,SD-003,4878505,15130,,Shirley_Kitchen,198175,0
484,"Gerald LaValle",Gerald,J.,LaValle,,,1,D,2,Sen,SD-047,6387312,5205,,,0,0
485,"Sean Logan",Sean,F.,Logan,,,1,D,2,Sen,SD-045,13013416,46958,,Sean_Logan,208722,0
486,"Roger Madigan",Roger,A.,Madigan,,,2,R,2,Sen,SD-023,6643814,5209,,,0,0
487,"Charles McIlhinney",Charles,T.,McIlhinney,Jr.,Chuck,2,R,2,Sen,SD-010,6570562,23882,,Charles_McIlhinney,198361,0
488,"Robert Mellow",Robert,J.,Mellow,,,1,D,2,Sen,SD-022,6374041,5210,,Robert_Mellow,198194,0
489,"Raphael Musto",Raphael,J.,Musto,,,1,D,2,Sen,SD-014,6374312,5212,,Raphael_Musto,198186,0
490,"Michael O'Pake",Michael,A.,O'Pake,,,1,D,2,Sen,SD-011,13013349,5213,,Michael_O%27Pake,198183,0
491,"Jane Orie",Jane,Clare,Orie,,,2,R,2,Sen,SD-040,13005570,14958,,Jane_Orie,209176,0
492,"Jeffrey Piccola",Jeffrey,E.,Piccola,,,2,R,2,Sen,SD-015,13013358,9209,,Jeffrey_Piccola,198187,0
493,"Dominic Pileggi",Dominic,F.,Pileggi,,,2,R,2,Sen,SD-009,4679891,47507,,Dominic_Pileggi,211661,0
494,"John Pippy",John,,Pippy,,,2,R,2,Sen,SD-037,13005627,9829,,John_Pippy,198265,0
495,"Terry Punt",Terry,L.,Punt,,,2,R,2,Sen,SD-033,4952846,5215,,,0,0
496,"John Rafferty",John,C.,Rafferty,Jr.,,2,R,2,Sen,SD-044,6603751,46805,,John_Rafferty,212239,0
497,"Bob Regola",Bob,,Regola,,,2,R,2,Sen,SD-039,6658251,46810,,,0,0
498,"James Rhoades",James,J.,Rhoades,,,2,R,2,Sen,SD-029,13013384,5216,,Jamese_Rhoades,0,0
499,"Robert Robbins",Robert,D.,Robbins,,,2,R,2,Sen,SD-050,6571455,5217,,Bob_Robbins,198222,0
500,"Joseph Scarnati",Joseph,B.,Scarnati,III,,2,R,2,Sen,SD-025,13013380,55673,,Joe_Scarnati,208716,0
501,"Mike Stack",Mike,J.,Stack,,,1,D,2,Sen,SD-005,13013339,47379,,Mike_Stack,208712,0
502,"Barry Stout","J. Barry",,Stout,,,1,D,2,Sen,SD-046,4802430,5243,,Barry_Stout,198218,0
503,"Christine Tartaglione",Christine,M.,Tartaglione,,,1,D,2,Sen,SD-002,6375745,5244,,Christine_Tartaglione,198174,0
504,"Robert Tomlinson",Robert,M.,Tomlinson,,Tommy,2,R,2,Sen,SD-006,6572242,5246,,Robert_Tomlinson,198178,0
505,"Patricia Vance",Patricia,H.,Vance,,,2,R,2,Sen,SD-031,13005784,9263,,Pat_Vance,198311,0
506,"Leanna Washington",Leanna,M.,Washington,,,1,D,2,Sen,SD-004,6376095,9267,,LeAnna_Washington,198423,0
507,"Michael Waugh",Michael,L.,Waugh,,,2,R,2,Sen,SD-028,6572496,9268,,Mike_Waugh,198200,0
508,"Donald White",Donald,C.,White,,Don,2,R,2,Sen,SD-041,5426553,47100,,Don_White,208719,0
509,"Mary White",Mary,Jo,White,,,2,R,2,Sen,SD-021,6583798,9788,,Mary_Jo_White,198193,0
510,"Constance Williams",Constance,H.,Williams,,,2,R,2,Sen,SD-017,4699439,10136,,,734340,0
511,"Anthony Williams",Anthony,Hardy,Williams,,,1,D,2,Sen,SD-008,12996741,9269,,Anthony_Williams_(Pennsylvania),198180,0
512,"Robert Wonderling",Robert,C.,Wonderling,,,2,R,2,Sen,SD-024,13013378,47190,,Rob_Wonderling,212241,0
513,"John Wozniak",John,N.,Wozniak,,,1,D,2,Sen,SD-035,6387331,9271,,John_Wozniak,198207,0
