bill_id,session_id,bill_number,status,status_desc,status_date,title,description,committee_id,committee,last_action_date,last_action,url,state_link
416098,669,HB1,1,Introduced,2010-05-05,"Providing for video gaming.","An Act amending Title 4 (Amusements) of the Pennsylvania Consolidated Statutes, providing for video gaming.",39,"House Appropriations",2010-05-05,"Referred to APPROPRIATIONS",https://legiscan.com/PA/bill/HB1/2009/X1,https://www.legis.state.pa.us/cfdocs/billinfo/bill_history.cfm?syear=2009&sind=1&body=H&type=B&bn=1
416068,669,HB2,1,Introduced,2010-05-05,"Providing for gateway tolls, definitions, powers and duties of the department, toll revenue distribution and discounted tolls.","An Act amending Title 74 (Transportation) of the Pennsylvania Consolidated Statutes, providing for gateway tolls, definitions, powers and duties of the department, toll revenue distribution and discounted tolls.",61,"House Transportation",2010-05-05,"Referred to TRANSPORTATION",https://legiscan.com/PA/bill/HB2/2009/X1,https://www.legis.state.pa.us/cfdocs/billinfo/bill_history.cfm?syear=2009&sind=1&body=H&type=B&bn=2
416037,669,HB3,1,Introduced,2010-05-26,"In sales and use tax, further providing for definitions and for exclusions from tax; providing for special and interfund transfers; and establishing the Homestead Exclusion Fund and the Highway and Bridge Enhancement Fund.","An Act amending the act of March 4, 1971 (P.L.6, No.2), known as the Tax Reform Code of 1971, in sales and use tax, further providing for definitions and for exclusions from tax; providing for special and interfund transfers; and establishing the Homestead Exclusion Fund and the Highway and Bridge Enhancement Fund.",39,"House Appropriations",2010-05-26,"Referred to APPROPRIATIONS",https://legiscan.com/PA/bill/HB3/2009/X1,https://www.legis.state.pa.us/cfdocs/billinfo/bill_history.cfm?syear=2009&sind=1&body=H&type=B&bn=3
416009,669,HB4,1,Introduced,2010-06-22,"Providing for toll exemptions.","An Act amending Title 74 (Transportation) of the Pennsylvania Consolidated Statutes, providing for toll exemptions.",61,"House Transportation",2010-06-22,"Referred to TRANSPORTATION",https://legiscan.com/PA/bill/HB4/2009/X1,https://www.legis.state.pa.us/cfdocs/billinfo/bill_history.cfm?syear=2009&sind=1&body=H&type=B&bn=4
415979,669,HB5,1,Introduced,2010-07-01,"Providing for biennial registration of certain vehicles; and further providing for annual registration fees, for passenger cars and for trucks and truck tractors.","An Act amending Title 75 (Vehicles) of the Pennsylvania Consolidated Statutes, providing for biennial registration of certain vehicles; and further providing for annual registration fees, for passenger cars and for trucks and truck tractors.",61,"House Transportation",2010-07-01,"Referred to TRANSPORTATION",https://legiscan.com/PA/bill/HB5/2009/X1,https://www.legis.state.pa.us/cfdocs/billinfo/bill_history.cfm?syear=2009&sind=1&body=H&type=B&bn=5
415949,669,HB6,1,Introduced,2010-07-03,"In Title 74, further providing, in sustainable mobility options, for definitions and for Public Transportation Trust Fund; providing for imposition and allocation of certain taxes and surcharges; adding provisions relating to public transit strike notification; providing for penalties; and, in Title 75, further providing for Pennsylvania Turnpike and taxes for highway maintenance and construction, for deposit and distribution of funds and for imposition of tax.","An Act amending Titles 74 (Transportation) and 75 (Vehicles) of the Pennsylvania Consolidated Statutes, in Title 74, further providing, in sustainable mobility options, for definitions and for Public Transportation Trust Fund; providing for imposition and allocation of certain taxes and surcharges; adding provisions relating to public transit strike notification; providing for penalties; and, in Title 75, further providing for Pennsylvania Turnpike and taxes for highway maintenance and construction, for deposit and distribution of funds and for imposition of tax.",61,"House Transportation",2010-07-03,"Referred to TRANSPORTATION",https://legiscan.com/PA/bill/HB6/2009/X1,https://www.legis.state.pa.us/cfdocs/billinfo/bill_history.cfm?syear=2009&sind=1&body=H&type=B&bn=6
415921,669,HB8,1,Introduced,2010-09-14,"In taxation and fiscal affairs, providing for an oil company gross profits tax; in sustainable mobility options, further providing for fund, for application and approval process and asset improvement program; providing for imposition and allocation of surcharges, for minimum qualifications for governing board members, for best practices for transit-oriented development, for Legislative Budget and Finance Committee reviews and for review of State highway maintenance formula; in transportation, providing for public-private transportation partnership; in vehicles, further providing for various vehicle fees and for the imposition of the oil company franchise tax for highway maintenance and construction; providing for an annual adjustment to fees; and making a related repeal.","An Act amending Titles 72 (Taxation and Fiscal Affairs), 74 (Transportation) and 75 (Vehicles) of the Pennsylvania Consolidated Statutes, in taxation and fiscal affairs, providing for an oil company gross profits tax; in sustainable mobility options, further providing for fund, for application and approval process and asset improvement program; providing for imposition and allocation of surcharges, for minimum qualifications for governing board members, for best practices for transit-oriented development, for Legislative Budget and Finance Committee reviews and for review of State highway maintenance formula; in transportation, providing for public-private transportation partnership; in vehicles, further providing for various vehicle fees and for the imposition of the oil company franchise tax for highway maintenance and construction; providing for an annual adjustment to fees; and making a related repeal.",0,,2010-10-06,"Amended in House Committee on APPROPRIATIONS",https://legiscan.com/PA/bill/HB8/2009/X1,https://www.legis.state.pa.us/cfdocs/billinfo/bill_history.cfm?syear=2009&sind=1&body=H&type=B&bn=8
415890,669,HB9,1,Introduced,2010-09-16,"Establishing public-private transportation partnerships; conferring powers and duties on the Pennsylvania Public Utility Commission, the State Transportation Commission and the Department of Transportation; and establishing the Public-Private Transportation Partnership Fund.","An Act amending Title 74 (Transportation) of the Pennsylvania Consolidated Statutes, establishing public-private transportation partnerships; conferring powers and duties on the Pennsylvania Public Utility Commission, the State Transportation Commission and the Department of Transportation; and establishing the Public-Private Transportation Partnership Fund.",61,"House Transportation",2010-09-16,"Referred to TRANSPORTATION",https://legiscan.com/PA/bill/HB9/2009/X1,https://www.legis.state.pa.us/cfdocs/billinfo/bill_history.cfm?syear=2009&sind=1&body=H&type=B&bn=9
415859,669,HB10,1,Introduced,2010-09-16,"In liquid fuels and fuels tax, further providing for the definition of ""average wholesale price.""","An Act amending Title 75 (Vehicles) of the Pennsylvania Consolidated Statutes, in liquid fuels and fuels tax, further providing for the definition of ""average wholesale price.""",61,"House Transportation",2010-09-16,"Referred to TRANSPORTATION",https://legiscan.com/PA/bill/HB10/2009/X1,https://www.legis.state.pa.us/cfdocs/billinfo/bill_history.cfm?syear=2009&sind=1&body=H&type=B&bn=10
415831,669,HB11,1,Introduced,2010-09-16,"In liquid fuels and fuels tax, further providing for the definition of ""average wholesale price.""","An Act amending Title 75 (Vehicles) of the Pennsylvania Consolidated Statutes, in liquid fuels and fuels tax, further providing for the definition of ""average wholesale price.""",61,"House Transportation",2010-09-16,"Referred to TRANSPORTATION",https://legiscan.com/PA/bill/HB11/2009/X1,https://www.legis.state.pa.us/cfdocs/billinfo/bill_history.cfm?syear=2009&sind=1&body=H&type=B&bn=11
415801,669,HB12,1,Introduced,2010-09-16,"Providing for annual limitation on expenditure from Motor License Fund; and establishing the Pennsylvania State Police Fund.","An Act amending Title 74 (Transportation) of the Pennsylvania Consolidated Statutes, providing for annual limitation on expenditure from Motor License Fund; and establishing the Pennsylvania State Police Fund.",61,"House Transportation",2010-09-16,"Referred to TRANSPORTATION",https://legiscan.com/PA/bill/HB12/2009/X1,https://www.legis.state.pa.us/cfdocs/billinfo/bill_history.cfm?syear=2009&sind=1&body=H&type=B&bn=12
415770,669,HB13,1,Introduced,2010-09-16,"In Pennsylvania Turnpike, further providing for definitions.","An Act amending Title 75 (Vehicles) of the Pennsylvania Consolidated Statutes, in Pennsylvania Turnpike, further providing for definitions.",61,"House Transportation",2010-09-16,"Referred to TRANSPORTATION",https://legiscan.com/PA/bill/HB13/2009/X1,https://www.legis.state.pa.us/cfdocs/billinfo/bill_history.cfm?syear=2009&sind=1&body=H&type=B&bn=13
415742,669,HB14,1,Introduced,2010-09-16,"Providing for conversion of Interstate 95 to toll road and for studies on the impact of conversion on associated highways and local roads.","An Act amending Title 74 (Transportation) of the Pennsylvania Consolidated Statutes, providing for conversion of Interstate 95 to toll road and for studies on the impact of conversion on associated highways and local roads.",61,"House Transportation",2010-09-16,"Referred to TRANSPORTATION",https://legiscan.com/PA/bill/HB14/2009/X1,https://www.legis.state.pa.us/cfdocs/billinfo/bill_history.cfm?syear=2009&sind=1&body=H&type=B&bn=14
415712,669,HB15,1,Introduced,2010-08-19,"Imposing a fee for service on municipalities for patrol services provided by the Pennsylvania State Police; and providing for allocation of funds, for fees for intermunicipal police response, for patrol responsibility, for penalties and for annual limitation on expenditure from Motor License Fund.","An Act amending Titles 44 (Law and Justice) and 74 (Transportation) of the Pennsylvania Consolidated Statutes, imposing a fee for service on municipalities for patrol services provided by the Pennsylvania State Police; and providing for allocation of funds, for fees for intermunicipal police response, for patrol responsibility, for penalties and for annual limitation on expenditure from Motor License Fund.",61,"House Transportation",2010-08-19,"Referred to TRANSPORTATION",https://legiscan.com/PA/bill/HB15/2009/X1,https://www.legis.state.pa.us/cfdocs/billinfo/bill_history.cfm?syear=2009&sind=1&body=H&type=B&bn=15
415681,669,HB16,1,Introduced,2010-09-22,"Further providing for Commonwealth portion of fines, etc., and for allocation of proceeds.","An Act amending Titles 42 (Judiciary and Judicial Procedure) and 75 (Vehicles) of the Pennsylvania Consolidated Statutes, further providing for Commonwealth portion of fines, etc., and for allocation of proceeds.",61,"House Transportation",2010-09-22,"Referred to TRANSPORTATION",https://legiscan.com/PA/bill/HB16/2009/X1,https://www.legis.state.pa.us/cfdocs/billinfo/bill_history.cfm?syear=2009&sind=1&body=H&type=B&bn=16
415651,669,HB18,1,Introduced,2010-09-16,"In sustainable mobility options, further providing for operating program and for asset improvement program.","An Act amending Title 74 (Transportation) of the Pennsylvania Consolidated Statutes, in sustainable mobility options, further providing for operating program and for asset improvement program.",61,"House Transportation",2010-09-16,"Referred to TRANSPORTATION",https://legiscan.com/PA/bill/HB18/2009/X1,https://www.legis.state.pa.us/cfdocs/billinfo/bill_history.cfm?syear=2009&sind=1&body=H&type=B&bn=18
415620,669,HB19,1,Introduced,2010-09-16,"In sustainable mobility options, providing for local tax for mass transportation.","An Act amending Title 74 (Transportation) of the Pennsylvania Consolidated Statutes, in sustainable mobility options, providing for local tax for mass transportation.",61,"House Transportation",2010-09-16,"Referred to TRANSPORTATION",https://legiscan.com/PA/bill/HB19/2009/X1,https://www.legis.state.pa.us/cfdocs/billinfo/bill_history.cfm?syear=2009&sind=1&body=H&type=B&bn=19
415590,669,HB20,1,Introduced,2010-09-16,"In Pennsylvania Turnpike, providing for the Pennsylvania Turnpike Commission; establishing the Pennsylvania Turnpike Advisory Committee; and making a related repeal.","An Act amending Title 75 (Vehicles) of the Pennsylvania Consolidated Statutes, in Pennsylvania Turnpike, providing for the Pennsylvania Turnpike Commission; establishing the Pennsylvania Turnpike Advisory Committee; and making a related repeal.",61,"House Transportation",2010-09-16,"Referred to TRANSPORTATION",https://legiscan.com/PA/bill/HB20/2009/X1,https://www.legis.state.pa.us/cfdocs/billinfo/bill_history.cfm?syear=2009&sind=1&body=H&type=B&bn=20
415562,669,HB21,1,Introduced,2010-09-16,"Providing for private maintenance of State highways; and making editorial changes.","An Act amending Title 75 (Vehicles) of the Pennsylvania Consolidated Statutes, providing for private maintenance of State highways; and making editorial changes.",61,"House Transportation",2010-09-16,"Referred to TRANSPORTATION",https://legiscan.com/PA/bill/HB21/2009/X1,https://www.legis.state.pa.us/cfdocs/billinfo/bill_history.cfm?syear=2009&sind=1&body=H&type=B&bn=21
415531,669,HB22,1,Introduced,2010-09-16,"Providing for design, construction and renovation of certain State transportation infrastructure using a design-build approach; and establishing the Design-Build Advisory Committee.","An Act amending Title 74 (Transportation) of the Pennsylvania Consolidated Statutes, providing for design, construction and renovation of certain State transportation infrastructure using a design-build approach; and establishing the Design-Build Advisory Committee.",61,"House Transportation",2010-09-16,"Referred to TRANSPORTATION",https://legiscan.com/PA/bill/HB22/2009/X1,https://www.legis.state.pa.us/cfdocs/billinfo/bill_history.cfm?syear=2009&sind=1&body=H&type=B&bn=22
415503,669,HB23,1,Introduced,2010-09-29,"Further providing for annual registration fee for passenger cars; establishing the Transit Oriented Development Loan Fund; and imposing duties upon the Department of Community and Economic Development.","An Act amending Title 75 (Vehicles) of the Pennsylvania Consolidated Statutes, further providing for annual registration fee for passenger cars; establishing the Transit Oriented Development Loan Fund; and imposing duties upon the Department of Community and Economic Development.",61,"House Transportation",2010-09-29,"Referred to TRANSPORTATION",https://legiscan.com/PA/bill/HB23/2009/X1,https://www.legis.state.pa.us/cfdocs/billinfo/bill_history.cfm?syear=2009&sind=1&body=H&type=B&bn=23
415476,669,HB24,1,Introduced,2010-10-04,"Repealing provisions relating to sustainable mobility options and the Pennsylvania Turnpike in Title 74 and relating to the Pennsylvania Turnpike and taxes for highway maintenance and construction in Title 75.","An Act amending Titles 74 (Transportation) and 75 (Vehicles) of the Pennsylvania Consolidated Statutes, repealing provisions relating to sustainable mobility options and the Pennsylvania Turnpike in Title 74 and relating to the Pennsylvania Turnpike and taxes for highway maintenance and construction in Title 75.",61,"House Transportation",2010-10-04,"Referred to TRANSPORTATION",https://legiscan.com/PA/bill/HB24/2009/X1,https://www.legis.state.pa.us/cfdocs/billinfo/bill_history.cfm?syear=2009&sind=1&body=H&type=B&bn=24
415446,669,HB25,1,Introduced,2010-10-04,"Providing for the conversion of Interstate 80 to a toll road; and making editorial changes.","An Act amending Titles 74 (Transportation) and 75 (Vehicles) of the Pennsylvania Consolidated Statutes, providing for the conversion of Interstate 80 to a toll road; and making editorial changes.",61,"House Transportation",2010-10-04,"Referred to TRANSPORTATION",https://legiscan.com/PA/bill/HB25/2009/X1,https://www.legis.state.pa.us/cfdocs/billinfo/bill_history.cfm?syear=2009&sind=1&body=H&type=B&bn=25
415416,669,HR1,4,Passed,2010-05-03,"Setting the scope of business for Special Session No. 1; adopting as Special Session No. 1 (2010) Rules for the House of Representatives the Rules of the House of Representatives (2009-2010); and further providing for debate, for time of meeting, for order of business and for standing committees.","A Resolution setting the scope of business for Special Session No. 1; adopting as Special Session No. 1 (2010) Rules for the House of Representatives the Rules of the House of Representatives (2009-2010); and further providing for debate, for time of meeting, for order of business and for standing committees.",0,,2010-05-03,"Adopted (188-1)",https://legiscan.com/PA/bill/HR1/2009/X1,https://www.legis.state.pa.us/cfdocs/billinfo/bill_history.cfm?syear=2009&sind=1&body=H&type=R&bn=1
415388,669,HR2,1,Introduced,2010-05-11,"Directing the Legislative Budget and Finance Committee to study intermodal transit in southeastern Pennsylvania.","A Resolution directing the Legislative Budget and Finance Committee to study intermodal transit in southeastern Pennsylvania.",61,"House Transportation",2010-05-11,"Referred to TRANSPORTATION",https://legiscan.com/PA/bill/HR2/2009/X1,https://www.legis.state.pa.us/cfdocs/billinfo/bill_history.cfm?syear=2009&sind=1&body=H&type=R&bn=2
415357,669,HR3,1,Introduced,2010-09-09,"Directing the Legislative Budget and Finance Committee to undertake a review of the existing transportation entities in southeastern Pennsylvania and to complete a study and cost analysis of the implementation of a comprehensive regional transportation planning and investment entity.","A Resolution directing the Legislative Budget and Finance Committee to undertake a review of the existing transportation entities in southeastern Pennsylvania and to complete a study and cost analysis of the implementation of a comprehensive regional transportation planning and investment entity.",61,"House Transportation",2010-09-09,"Referred to TRANSPORTATION",https://legiscan.com/PA/bill/HR3/2009/X1,https://www.legis.state.pa.us/cfdocs/billinfo/bill_history.cfm?syear=2009&sind=1&body=H&type=R&bn=3
415327,669,HR4,1,Introduced,2010-09-16,"Urging the State Transportation Advisory Committee to study alternatives to the liquid fuels tax for purposes of funding the Commonwealth's transportation infrastructure and to report its findings to the General Assembly.","A Resolution urging the State Transportation Advisory Committee to study alternatives to the liquid fuels tax for purposes of funding the Commonwealth's transportation infrastructure and to report its findings to the General Assembly.",61,"House Transportation",2010-09-16,"Referred to TRANSPORTATION",https://legiscan.com/PA/bill/HR4/2009/X1,https://www.legis.state.pa.us/cfdocs/billinfo/bill_history.cfm?syear=2009&sind=1&body=H&type=R&bn=4
415299,669,SB1,1,Introduced,2010-09-24,"Further providing for State Transportation Commission.","An Act amending the act of April 9, 1929 (P.L.177, No.175), known as The Administrative Code of 1929, further providing for State Transportation Commission.",85,"Senate Transportation",2010-09-24,"Referred to TRANSPORTATION",https://legiscan.com/PA/bill/SB1/2009/X1,https://www.legis.state.pa.us/cfdocs/billinfo/bill_history.cfm?syear=2009&sind=1&body=S&type=B&bn=1
415268,669,SR1,4,Passed,2010-05-03,"Providing for the broadcasting of Senate floor activity for Special Session No. 1 of 2010.","A Resolution providing for the broadcasting of Senate floor activity for Special Session No. 1 of 2010.",0,,2010-05-03,"Introduced and adopted",https://legiscan.com/PA/bill/SR1/2009/X1,https://www.legis.state.pa.us/cfdocs/billinfo/bill_history.cfm?syear=2009&sind=1&body=S&type=R&bn=1
415238,669,SR2,4,Passed,2010-05-03,"Providing for the Rules of the Senate for Special Session No. 1 of 2010.","A Resolution providing for the Rules of the Senate for Special Session No. 1 of 2010.",0,,2010-05-03,"Introduced and adopted",https://legiscan.com/PA/bill/SR2/2009/X1,https://www.legis.state.pa.us/cfdocs/billinfo/bill_history.cfm?syear=2009&sind=1&body=S&type=R&bn=2
415210,669,SR3,4,Passed,2010-05-04,"Recognizing the Delta Sigma Theta Sorority for its efforts relating to the 2010 United States Census.","A Resolution recognizing the Delta Sigma Theta Sorority for its efforts relating to the 2010 United States Census.",0,,2010-05-04,"Introduced and adopted",https://legiscan.com/PA/bill/SR3/2009/X1,https://www.legis.state.pa.us/cfdocs/billinfo/bill_history.cfm?syear=2009&sind=1&body=S&type=R&bn=3
