bill_id,document_id,document_type,document_size,document_mime,document_desc,url,state_link
416098,610375,text,233293,text/html,Introduced,https://legiscan.com/PA/text/HB1/id/610375,https://www.legis.state.pa.us/cfdocs/legis/PN/Public/btCheck.cfm?txtType=HTM&sessYr=2009&sessInd=1&billBody=H&billTyp=B&billNbr=0001&pn=0002
416068,610323,text,72969,text/html,Introduced,https://legiscan.com/PA/text/HB2/id/610323,https://www.legis.state.pa.us/cfdocs/legis/PN/Public/btCheck.cfm?txtType=HTM&sessYr=2009&sessInd=1&billBody=H&billTyp=B&billNbr=0002&pn=0003
416037,610260,text,133785,text/html,Introduced,https://legiscan.com/PA/text/HB3/id/610260,https://www.legis.state.pa.us/cfdocs/legis/PN/Public/btCheck.cfm?txtType=HTM&sessYr=2009&sessInd=1&billBody=H&billTyp=B&billNbr=0003&pn=0005
416009,610196,text,50251,text/html,Introduced,https://legiscan.com/PA/text/HB4/id/610196,https://www.legis.state.pa.us/cfdocs/legis/PN/Public/btCheck.cfm?txtType=HTM&sessYr=2009&sessInd=1&billBody=H&billTyp=B&billNbr=0004&pn=0006
415979,610131,text,52724,text/html,Introduced,https://legiscan.com/PA/text/HB5/id/610131,https://www.legis.state.pa.us/cfdocs/legis/PN/Public/btCheck.cfm?txtType=HTM&sessYr=2009&sessInd=1&billBody=H&billTyp=B&billNbr=0005&pn=0007
415949,610077,text,135186,text/html,Introduced,https://legiscan.com/PA/text/HB6/id/610077,https://www.legis.state.pa.us/cfdocs/legis/PN/Public/btCheck.cfm?txtType=HTM&sessYr=2009&sessInd=1&billBody=H&billTyp=B&billNbr=0006&pn=0008
415921,610032,text,660101,text/html,Introduced,https://legiscan.com/PA/text/HB8/id/610032,https://www.legis.state.pa.us/cfdocs/legis/PN/Public/btCheck.cfm?txtType=HTM&sessYr=2009&sessInd=1&billBody=H&billTyp=B&billNbr=0008&pn=0011
415921,610033,text,709495,text/html,Amended,https://legiscan.com/PA/text/HB8/id/610033,https://www.legis.state.pa.us/cfdocs/legis/PN/Public/btCheck.cfm?txtType=HTM&sessYr=2009&sessInd=1&billBody=H&billTyp=B&billNbr=0008&pn=0028
415890,609978,text,507505,text/html,Introduced,https://legiscan.com/PA/text/HB9/id/609978,https://www.legis.state.pa.us/cfdocs/legis/PN/Public/btCheck.cfm?txtType=HTM&sessYr=2009&sessInd=1&billBody=H&billTyp=B&billNbr=0009&pn=0013
415859,609929,text,50191,text/html,Introduced,https://legiscan.com/PA/text/HB10/id/609929,https://www.legis.state.pa.us/cfdocs/legis/PN/Public/btCheck.cfm?txtType=HTM&sessYr=2009&sessInd=1&billBody=H&billTyp=B&billNbr=0010&pn=0014
415831,609890,text,48836,text/html,Introduced,https://legiscan.com/PA/text/HB11/id/609890,https://www.legis.state.pa.us/cfdocs/legis/PN/Public/btCheck.cfm?txtType=HTM&sessYr=2009&sessInd=1&billBody=H&billTyp=B&billNbr=0011&pn=0015
415801,609843,text,68896,text/html,Introduced,https://legiscan.com/PA/text/HB12/id/609843,https://www.legis.state.pa.us/cfdocs/legis/PN/Public/btCheck.cfm?txtType=HTM&sessYr=2009&sessInd=1&billBody=H&billTyp=B&billNbr=0012&pn=0016
415770,609800,text,53234,text/html,Introduced,https://legiscan.com/PA/text/HB13/id/609800,https://www.legis.state.pa.us/cfdocs/legis/PN/Public/btCheck.cfm?txtType=HTM&sessYr=2009&sessInd=1&billBody=H&billTyp=B&billNbr=0013&pn=0017
415742,609757,text,54899,text/html,Introduced,https://legiscan.com/PA/text/HB14/id/609757,https://www.legis.state.pa.us/cfdocs/legis/PN/Public/btCheck.cfm?txtType=HTM&sessYr=2009&sessInd=1&billBody=H&billTyp=B&billNbr=0014&pn=0018
415712,609703,text,143121,text/html,Introduced,https://legiscan.com/PA/text/HB15/id/609703,https://www.legis.state.pa.us/cfdocs/legis/PN/Public/btCheck.cfm?txtType=HTM&sessYr=2009&sessInd=1&billBody=H&billTyp=B&billNbr=0015&pn=0009
415681,609655,text,51946,text/html,Introduced,https://legiscan.com/PA/text/HB16/id/609655,https://www.legis.state.pa.us/cfdocs/legis/PN/Public/btCheck.cfm?txtType=HTM&sessYr=2009&sessInd=1&billBody=H&billTyp=B&billNbr=0016&pn=0024
415651,609615,text,54087,text/html,Introduced,https://legiscan.com/PA/text/HB18/id/609615,https://www.legis.state.pa.us/cfdocs/legis/PN/Public/btCheck.cfm?txtType=HTM&sessYr=2009&sessInd=1&billBody=H&billTyp=B&billNbr=0018&pn=0019
415620,609559,text,67669,text/html,Introduced,https://legiscan.com/PA/text/HB19/id/609559,https://www.legis.state.pa.us/cfdocs/legis/PN/Public/btCheck.cfm?txtType=HTM&sessYr=2009&sessInd=1&billBody=H&billTyp=B&billNbr=0019&pn=0020
415590,609508,text,95041,text/html,Introduced,https://legiscan.com/PA/text/HB20/id/609508,https://www.legis.state.pa.us/cfdocs/legis/PN/Public/btCheck.cfm?txtType=HTM&sessYr=2009&sessInd=1&billBody=H&billTyp=B&billNbr=0020&pn=0021
415562,609451,text,61870,text/html,Introduced,https://legiscan.com/PA/text/HB21/id/609451,https://www.legis.state.pa.us/cfdocs/legis/PN/Public/btCheck.cfm?txtType=HTM&sessYr=2009&sessInd=1&billBody=H&billTyp=B&billNbr=0021&pn=0022
415531,609389,text,89214,text/html,Introduced,https://legiscan.com/PA/text/HB22/id/609389,https://www.legis.state.pa.us/cfdocs/legis/PN/Public/btCheck.cfm?txtType=HTM&sessYr=2009&sessInd=1&billBody=H&billTyp=B&billNbr=0022&pn=0023
415503,609350,text,54392,text/html,Introduced,https://legiscan.com/PA/text/HB23/id/609350,https://www.legis.state.pa.us/cfdocs/legis/PN/Public/btCheck.cfm?txtType=HTM&sessYr=2009&sessInd=1&billBody=H&billTyp=B&billNbr=0023&pn=0025
415476,609312,text,1004900,text/html,Introduced,https://legiscan.com/PA/text/HB24/id/609312,https://www.legis.state.pa.us/cfdocs/legis/PN/Public/btCheck.cfm?txtType=HTM&sessYr=2009&sessInd=1&billBody=H&billTyp=B&billNbr=0024&pn=0026
415446,609264,text,274619,text/html,Introduced,https://legiscan.com/PA/text/HB25/id/609264,https://www.legis.state.pa.us/cfdocs/legis/PN/Public/btCheck.cfm?txtType=HTM&sessYr=2009&sessInd=1&billBody=H&billTyp=B&billNbr=0025&pn=0027
415416,609213,text,74477,text/html,Introduced,https://legiscan.com/PA/text/HR1/id/609213,https://www.legis.state.pa.us/cfdocs/legis/PN/Public/btCheck.cfm?txtType=HTM&sessYr=2009&sessInd=1&billBody=H&billTyp=R&billNbr=0001&pn=0001
415388,609176,text,55704,text/html,Introduced,https://legiscan.com/PA/text/HR2/id/609176,https://www.legis.state.pa.us/cfdocs/legis/PN/Public/btCheck.cfm?txtType=HTM&sessYr=2009&sessInd=1&billBody=H&billTyp=R&billNbr=0002&pn=0004
415357,609122,text,69735,text/html,Introduced,https://legiscan.com/PA/text/HR3/id/609122,https://www.legis.state.pa.us/cfdocs/legis/PN/Public/btCheck.cfm?txtType=HTM&sessYr=2009&sessInd=1&billBody=H&billTyp=R&billNbr=0003&pn=0010
415327,609070,text,54341,text/html,Introduced,https://legiscan.com/PA/text/HR4/id/609070,https://www.legis.state.pa.us/cfdocs/legis/PN/Public/btCheck.cfm?txtType=HTM&sessYr=2009&sessInd=1&billBody=H&billTyp=R&billNbr=0004&pn=0012
415299,609031,text,78343,text/html,Introduced,https://legiscan.com/PA/text/SB1/id/609031,https://www.legis.state.pa.us/cfdocs/legis/PN/Public/btCheck.cfm?txtType=HTM&sessYr=2009&sessInd=1&billBody=S&billTyp=B&billNbr=0001&pn=0004
415268,608983,text,42464,text/html,Introduced,https://legiscan.com/PA/text/SR1/id/608983,https://www.legis.state.pa.us/cfdocs/legis/PN/Public/btCheck.cfm?txtType=HTM&sessYr=2009&sessInd=1&billBody=S&billTyp=R&billNbr=0001&pn=0001
415238,608935,text,42418,text/html,Introduced,https://legiscan.com/PA/text/SR2/id/608935,https://www.legis.state.pa.us/cfdocs/legis/PN/Public/btCheck.cfm?txtType=HTM&sessYr=2009&sessInd=1&billBody=S&billTyp=R&billNbr=0002&pn=0002
415210,608891,text,60141,text/html,Introduced,https://legiscan.com/PA/text/SR3/id/608891,https://www.legis.state.pa.us/cfdocs/legis/PN/Public/btCheck.cfm?txtType=HTM&sessYr=2009&sessInd=1&billBody=S&billTyp=R&billNbr=0003&pn=0003
